drugbank_id,chembl_id,smiles,canonical_smiles,token_count,truncated,pIC50,active
DB00114,CHEMBL82202,CC1=NC=C(COP(O)(O)=O)C(C=O)=C1O,Cc1ncc(COP(=O)(O)O)c(C=O)c1O,26,False,5.0,False
DB00117,,N[C@@H](CC1=CNC=N1)C(O)=O,N[C@@H](Cc1c[nH]cn1)C(=O)O,21,False,,
DB00119,,CC(=O)C(O)=O,CC(=O)C(=O)O,11,False,,
DB00120,,N[C@@H](CC1=CC=CC=C1)C(O)=O,N[C@@H](Cc1ccccc1)C(=O)O,23,False,,
DB00121,CHEMBL857,[H][C@]12CS[C@@H](CCCCC(O)=O)[C@@]1([H])NC(=O)N2,O=C(O)CCCC[C@@H]1SC[C@@H]2NC(=O)N[C@@H]21,33,False,8.428291168191313,True
DB00122,CHEMBL920,C[N+](C)(C)CCO,C[N+](C)(C)CCO,11,False,5.795880017344075,False
DB00123,,NCCCC[C@H](N)C(O)=O,NCCCC[C@H](N)C(=O)O,15,False,,
DB00125,CHEMBL1485,N[C@@H](CCCNC(N)=N)C(O)=O,N=C(N)NCCC[C@H](N)C(=O)O,19,False,5.0,False
DB00126,,[H][C@@]1(OC(=O)C(O)=C1O)[C@@H](O)CO,O=C1O[C@H]([C@@H](O)CO)C(O)=C1O,28,False,,
DB00127,CHEMBL23194,NCCCNCCCCNCCCN,NCCCNCCCCNCCCN,5,False,6.4089353929735005,False
DB00128,,N[C@@H](CC(O)=O)C(O)=O,N[C@@H](CC(=O)O)C(=O)O,19,False,,
DB00129,,NCCC[C@H](N)C(O)=O,NCCC[C@H](N)C(=O)O,15,False,,
DB00130,,N[C@@H](CCC(N)=O)C(O)=O,NC(=O)CC[C@H](N)C(=O)O,19,False,,
DB00132,,CC\C=C/C\C=C/C\C=C/CCCCCCCC(O)=O,CC/C=C\C/C=C\C/C=C\CCCCCCCC(=O)O,25,False,,
DB00133,,N[C@@H](CO)C(O)=O,N[C@@H](CO)C(=O)O,15,False,,
DB00134,,CSCC[C@H](N)C(O)=O,CSCC[C@H](N)C(=O)O,15,False,,
DB00135,,N[C@@H](CC1=CC=C(O)C=C1)C(O)=O,N[C@@H](Cc1ccc(O)cc1)C(=O)O,27,False,,
DB00136,,C[C@H](CCCC(C)(C)O)[C@@]1([H])CC[C@@]2([H])\C(CCC[C@]12C)=C\C=C1\C[C@@H](O)C[C@H](O)C1=C,C=C1/C(=C\C=C2/CCC[C@]3(C)[C@@H]([C@H](C)CCCC(C)(C)O)CC[C@@H]23)C[C@@H](O)C[C@@H]1O,68,False,,
DB00138,CHEMBL590540,N[C@@H](CSSC[C@H](N)C(O)=O)C(O)=O,N[C@@H](CSSC[C@H](N)C(=O)O)C(=O)O,28,False,2.669586226650809,False
DB00139,,OC(=O)CCC(O)=O,O=C(O)CCC(=O)O,11,False,,
DB00141,,[H]C(=O)[C@H](NC(C)=O)[C@@H](O)[C@H](O)[C@H](O)CO,CC(=O)N[C@@H](C=O)[C@@H](O)[C@H](O)[C@H](O)CO,38,False,,
DB00142,,N[C@@H](CCC(O)=O)C(O)=O,N[C@@H](CCC(=O)O)C(=O)O,19,False,,
DB00145,,NCC(O)=O,NCC(=O)O,7,False,,
DB00146,,C[C@H](CCCC(C)(C)O)[C@@]1([H])CC[C@@]2([H])\C(CCC[C@]12C)=C\C=C1\C[C@@H](O)CCC1=C,C=C1CC[C@H](O)C/C1=C/C=C1\CCC[C@]2(C)[C@@H]([C@H](C)CCCC(C)(C)O)CC[C@@H]12,60,False,,
DB00147,,CC1=NC=C(CO)C(C=O)=C1O,Cc1ncc(CO)c(C=O)c1O,20,False,,
DB00148,,CN(CC(O)=O)C(N)=N,CN(CC(=O)O)C(=N)N,15,False,,
DB00149,,CC(C)C[C@H](N)C(O)=O,CC(C)C[C@H](N)C(=O)O,19,False,,
DB00150,CHEMBL54976,N[C@@H](CC1=CNC2=C1C=CC=C2)C(O)=O,N[C@@H](Cc1c[nH]c2ccccc12)C(=O)O,28,False,5.647817481888637,False
DB00151,,N[C@@H](CS)C(O)=O,N[C@@H](CS)C(=O)O,15,False,,
DB00152,CHEMBL1547,CC1=C(CCO)SC=[N+]1CC1=CN=C(C)N=C1N,Cc1ncc(C[n+]2csc(CCO)c2C)c(N)n1,28,False,4.903089986991944,False
DB00153,,CC(C)[C@@H](C)\C=C\[C@@H](C)[C@@]1([H])CC[C@@]2([H])\C(CCC[C@]12C)=C\C=C1\C[C@@H](O)CCC1=C,C=C1CC[C@H](O)C/C1=C/C=C1\CCC[C@]2(C)[C@@H]([C@H](C)/C=C/[C@H](C)C(C)C)CC[C@@H]12,66,False,,
DB00154,,CCCCC\C=C/C\C=C/C\C=C/CCCCCCC(O)=O,CCCCC/C=C\C/C=C\C/C=C\CCCCCCC(=O)O,25,False,,
DB00155,,N[C@@H](CCCNC(N)=O)C(O)=O,NC(=O)NCCC[C@H](N)C(=O)O,19,False,,
DB00156,,C[C@@H](O)[C@H](N)C(O)=O,C[C@@H](O)[C@H](N)C(=O)O,21,False,,
DB00159,CHEMBL460026,CC\C=C/C\C=C/C\C=C/C\C=C/C\C=C/CCCC(O)=O,CC/C=C\C/C=C\C/C=C\C/C=C\C/C=C\CCCC(=O)O,37,False,6.522878745280337,False
DB00160,,C[C@H](N)C(O)=O,C[C@H](N)C(=O)O,15,False,,
DB00161,,CC(C)[C@H](N)C(O)=O,CC(C)[C@H](N)C(=O)O,17,False,,
DB00162,,C\C(=C/CO)\C=C\C=C(/C)\C=C\C1=C(C)CCCC1(C)C,CC1=C(/C=C/C(C)=C/C=C/C(C)=C/CO)C(C)(C)CCC1,37,False,,
DB00163,,CC(C)CCC[C@@H](C)CCC[C@@H](C)CCC[C@]1(C)CCC2=C(O1)C(C)=C(C)C(O)=C2C,Cc1c(C)c2c(c(C)c1O)CC[C@@](C)(CCC[C@H](C)CCC[C@H](C)CCCC(C)C)O2,53,False,,
DB00165,,CC1=C(O)C(CO)=C(CO)C=N1,Cc1ncc(CO)c(CO)c1O,21,False,,
DB00166,,OC(=O)CCCC[C@@H]1CCSS1,O=C(O)CCCC[C@@H]1CCSS1,15,False,,
DB00167,,CC[C@H](C)[C@H](N)C(O)=O,CC[C@H](C)[C@H](N)C(=O)O,21,False,,
DB00168,,COC(=O)[C@H](CC1=CC=CC=C1)NC(=O)[C@@H](N)CC(O)=O,COC(=O)[C@H](Cc1ccccc1)NC(=O)[C@@H](N)CC(=O)O,35,False,,
DB00169,,CC(C)CCC[C@@H](C)[C@@]1([H])CC[C@@]2([H])\C(CCC[C@]12C)=C\C=C1\C[C@@H](O)CCC1=C,C=C1CC[C@H](O)C/C1=C/C=C1\CCC[C@]2(C)[C@@H]([C@H](C)CCCC(C)C)CC[C@@H]12,58,False,,
DB00170,,CC1=CC(=O)C2=CC=CC=C2C1=O,CC1=CC(=O)c2ccccc2C1=O,22,False,,
DB00172,,OC(=O)[C@@H]1CCCN1,O=C(O)[C@@H]1CCCN1,13,False,,
DB00173,,NC1=C2NC=NC2=NC=N1,Nc1ncnc2nc[nH]c12,16,False,,
DB00174,,N[C@@H](CC(N)=O)C(O)=O,NC(=O)C[C@H](N)C(=O)O,19,False,,
DB00175,,[H][C@]12[C@H](C[C@H](O)C=C1C=C[C@H](C)[C@@H]2CC[C@@H](O)C[C@@H](O)CC(O)=O)OC(=O)[C@@H](C)CC,CC[C@H](C)C(=O)O[C@H]1C[C@H](O)C=C2C=C[C@H](C)[C@H](CC[C@@H](O)C[C@@H](O)CC(=O)O)[C@H]21,73,False,,
DB00176,CHEMBL814,COCCCC\C(=N/OCCN)C1=CC=C(C=C1)C(F)(F)F,COCCCC/C(=N\OCCN)c1ccc(C(F)(F)F)cc1,29,False,8.42021640338319,True
DB00177,,CCCCC(=O)N(CC1=CC=C(C=C1)C1=CC=CC=C1C1=NNN=N1)[C@@H](C(C)C)C(O)=O,CCCCC(=O)N(Cc1ccc(-c2ccccc2-c2nn[nH]n2)cc1)[C@H](C(=O)O)C(C)C,52,False,,
DB00178,,[H][C@@]12CCC[C@]1([H])N([C@@H](C2)C(O)=O)C(=O)[C@H](C)N[C@@H](CCC1=CC=CC=C1)C(=O)OCC,CCOC(=O)[C@H](CCc1ccccc1)N[C@@H](C)C(=O)N1[C@H](C(=O)O)C[C@@H]2CCC[C@@H]21,63,False,,
DB00179,,C[C@@H](CC1=CC(O)=C(O)C=C1)[C@H](C)CC1=CC(O)=C(O)C=C1,C[C@H](Cc1ccc(O)c(O)c1)[C@@H](C)Cc1ccc(O)c(O)c1,45,False,,
DB00180,,[H][C@@]12C[C@@]3([H])[C@]4([H])C[C@H](F)C5=CC(=O)C=C[C@]5(C)[C@@]4([H])[C@@H](O)C[C@]3(C)[C@@]1(OC(C)(C)O2)C(=O)CO,CC1(C)O[C@@H]2C[C@H]3[C@@H]4C[C@H](F)C5=CC(=O)C=C[C@]5(C)[C@H]4[C@@H](O)C[C@]3(C)[C@]2(C(=O)CO)O1,88,False,,
DB00181,,NCC(CC(O)=O)C1=CC=C(Cl)C=C1,NCC(CC(=O)O)c1ccc(Cl)cc1,23,False,,
DB00182,CHEMBL405,CC(N)CC1=CC=CC=C1,CC(N)Cc1ccccc1,15,False,6.698970004336019,False
DB00184,CHEMBL3,CN1CCC[C@H]1C1=CN=CC=C1,CN1CCC[C@H]1c1cccnc1,20,False,9.0,True
DB00185,,CC1O[C@@]2(CS1)CN1CCC2CC1,CC1O[C@@]2(CS1)CN1CCC2CC1,19,False,,
DB00186,,OC1N=C(C2=CC=CC=C2Cl)C2=C(NC1=O)C=CC(Cl)=C2,O=C1Nc2ccc(Cl)cc2C(c2ccccc2Cl)=NC1O,37,False,,
DB00187,,COC(=O)CCC1=CC=C(OCC(O)CNC(C)C)C=C1,COC(=O)CCc1ccc(OCC(O)CNC(C)C)cc1,27,False,,
DB00189,,CCC(O)(\C=C\Cl)C#C,C#CC(O)(/C=C/Cl)CC,16,False,,
DB00190,CHEMBL1201236,C[C@@](CC1=CC(O)=C(O)C=C1)(NN)C(O)=O,C[C@@](Cc1ccc(O)c(O)c1)(NN)C(=O)O,29,False,5.449771646944906,False
DB00191,,CC(C)(N)CC1=CC=CC=C1,CC(C)(N)Cc1ccccc1,17,False,,
DB00192,,CC(C)NCCCC1(C(N)=O)C2=CC=CC=C2C2=CC=CC=C12,CC(C)NCCCC1(C(N)=O)c2ccccc2-c2ccccc21,33,False,,
DB00193,CHEMBL1237044,COC1=CC=CC(=C1)[C@@]1(O)CCCC[C@@H]1CN(C)C,COc1cccc([C@@]2(O)CCCC[C@@H]2CN(C)C)c1,30,False,6.429457060118103,False
DB00194,,NC1=NC=NC2=C1N=CN2[C@@H]1O[C@H](CO)[C@@H](O)[C@@H]1O,Nc1ncnc2c1ncn2[C@@H]1O[C@H](CO)[C@@H](O)[C@@H]1O,42,False,,
DB00195,,CC(C)NCC(O)COC1=CC=C(CCOCC2CC2)C=C1,CC(C)NCC(O)COc1ccc(CCOCC2CC2)cc1,26,False,,
DB00196,,OC(CN1C=NC=N1)(CN1C=NC=N1)C1=C(F)C=C(F)C=C1,OC(Cn1cncn1)(Cn1cncn1)c1ccc(F)cc1F,39,False,,
DB00198,,CCOC(=O)C1=C[C@@H](OC(CC)CC)[C@H](NC(C)=O)[C@@H](N)C1,CCOC(=O)C1=C[C@@H](OC(CC)CC)[C@H](NC(C)=O)[C@@H](N)C1,39,False,,
DB00201,,CN1C=NC2=C1C(=O)N(C)C(=O)N2C,Cn1c(=O)c2c(ncn2C)n(C)c1=O,26,False,,
DB00202,,C[N+](C)(C)CCOC(=O)CCC(=O)OCC[N+](C)(C)C,C[N+](C)(C)CCOC(=O)CCC(=O)OCC[N+](C)(C)C,27,False,,
DB00203,,CCCC1=NN(C)C2=C1N=C(NC2=O)C1=CC(=CC=C1OCC)S(=O)(=O)N1CCN(C)CC1,CCCc1nn(C)c2c(=O)[nH]c(-c3cc(S(=O)(=O)N4CCN(C)CC4)ccc3OCC)nc12,48,False,,
DB00204,CHEMBL473,CN(CCOC1=CC=C(NS(C)(=O)=O)C=C1)CCC1=CC=C(NS(C)(=O)=O)C=C1,CN(CCOc1ccc(NS(C)(=O)=O)cc1)CCc1ccc(NS(C)(=O)=O)cc1,43,False,8.387216143280265,True
DB00205,,CCC1=C(C(N)=NC(N)=N1)C1=CC=C(Cl)C=C1,CCc1nc(N)nc(N)c1-c1ccc(Cl)cc1,31,False,,
DB00208,,ClC1=CC=CC=C1CN1CCC2=C(C1)C=CS2,Clc1ccccc1CN1CCc2sccc2C1,25,False,,
DB00209,,[H][C@]12CC[C@]([H])(C[C@@H](C1)OC(=O)C(O)(C1=CC=CC=C1)C1=CC=CC=C1)[N+]21CCCC1,O=C(O[C@H]1C[C@H]2CC[C@@H](C1)[N+]21CCCC1)C(O)(c1ccccc1)c1ccccc1,57,False,,
DB00210,CHEMBL1265,COC1=C(C=C(C=C1)C1=CC2=C(C=C1)C=C(C=C2)C(O)=O)C12CC3CC(CC(C3)C1)C2,COc1ccc(-c2ccc3cc(C(=O)O)ccc3c2)cc1C12CC3CC(CC(C3)C1)C2,60,False,6.392437756816412,False
DB00211,,COC1=CC(C(O)CNC(=O)CN)=C(OC)C=C1,COc1ccc(OC)c(C(O)CNC(=O)CN)c1,25,False,,
DB00213,,COC1=C(OC)C(CS(=O)C2=NC3=C(N2)C=C(OC(F)F)C=C3)=NC=C1,COc1ccnc(CS(=O)c2nc3ccc(OC(F)F)cc3[nH]2)c1OC,45,False,,
DB00214,,CC(C)NC(=O)NS(=O)(=O)C1=C(NC2=CC=CC(C)=C2)C=CN=C1,Cc1cccc(Nc2ccncc2S(=O)(=O)NC(=O)NC(C)C)c1,39,False,,
DB00215,CHEMBL549,CN(C)CCCC1(OCC2=C1C=CC(=C2)C#N)C1=CC=C(F)C=C1,CN(C)CCCC1(c2ccc(F)cc2)OCc2cc(C#N)ccc21,38,False,9.044793462458058,True
DB00216,,CN1CCC[C@@H]1CC1=CNC2=C1C=C(CCS(=O)(=O)C1=CC=CC=C1)C=C2,CN1CCC[C@@H]1Cc1c[nH]c2ccc(CCS(=O)(=O)c3ccccc3)cc12,43,False,,
DB00217,,CN\C(NCC1=CC=CC=C1)=N/C,C/N=C(\NC)NCc1ccccc1,19,False,,
DB00218,,[H][C@]12CN(C[C@@]1([H])NCCC2)C1=C(F)C=C2C(=O)C(=CN(C3CC3)C2=C1OC)C(O)=O,COc1c(N2C[C@@H]3CCCN[C@@H]3C2)c(F)cc2c(=O)c(C(=O)O)cn(C3CC3)c12,58,False,,
DB00219,,CC[N+](C)(CC)CCOC(=O)C(O)(C1CCCCC1)C1=CC=CC=C1,CC[N+](C)(CC)CCOC(=O)C(O)(c1ccccc1)C1CCCCC1,32,False,,
DB00221,,CCC(NC(C)C)C(O)C1=CC(O)=C(O)C=C1,CCC(NC(C)C)C(O)c1ccc(O)c(O)c1,29,False,,
DB00222,CHEMBL1481,CCC1=C(C)CN(C(=O)NCCC2=CC=C(C=C2)S(=O)(=O)NC(=O)N[C@H]2CC[C@H](C)CC2)C1=O,CCC1=C(C)CN(C(=O)NCCc2ccc(S(=O)(=O)NC(=O)N[C@H]3CC[C@H](C)CC3)cc2)C1=O,59,False,8.391473966422806,True
DB00223,,[H][C@@]12C[C@H](C)[C@](O)(C(=O)CO)[C@@]1(C)C[C@H](O)[C@@]1(F)[C@@]2([H])C[C@H](F)C2=CC(=O)C=C[C@]12C,C[C@H]1C[C@H]2[C@@H]3C[C@H](F)C4=CC(=O)C=C[C@]4(C)[C@@]3(F)[C@@H](O)C[C@]2(C)[C@@]1(O)C(=O)CO,76,False,,
DB00227,,[H][C@]12[C@H](C[C@@H](C)C=C1C=C[C@H](C)[C@@H]2CC[C@@H]1C[C@@H](O)CC(=O)O1)OC(=O)[C@@H](C)CC,CC[C@H](C)C(=O)O[C@H]1C[C@@H](C)C=C2C=C[C@H](C)[C@H](CC[C@@H]3C[C@@H](O)CC(=O)O3)[C@H]21,73,False,,
DB00228,,FC(F)OC(F)(F)C(F)Cl,FC(F)OC(F)(F)C(F)Cl,17,False,,
DB00230,,CC(C)C[C@H](CN)CC(O)=O,CC(C)C[C@H](CN)CC(=O)O,19,False,,
DB00231,,CN1C2=C(C=C(Cl)C=C2)C(=NC(O)C1=O)C1=CC=CC=C1,CN1C(=O)C(O)N=C(c2ccccc2)c2cc(Cl)ccc21,40,False,,
DB00232,,CN1C(CCl)NC2=CC(Cl)=C(C=C2S1(=O)=O)S(N)(=O)=O,CN1C(CCl)Nc2cc(Cl)c(S(N)(=O)=O)cc2S1(=O)=O,35,False,,
DB00233,,NC1=CC(O)=C(C=C1)C(O)=O,Nc1ccc(C(=O)O)c(O)c1,21,False,,
DB00234,,[H][C@@](OC1=CC=CC=C1OCC)(C1=CC=CC=C1)[C@@]1([H])CNCCO1,CCOc1ccccc1O[C@H](c1ccccc1)[C@H]1CNCCO1,38,False,,
DB00235,CHEMBL189,CC1=C(C=C(C#N)C(=O)N1)C1=CC=NC=C1,Cc1[nH]c(=O)c(C#N)cc1-c1ccncc1,31,False,7.0,False
DB00236,,BrCCC(=O)N1CCN(CC1)C(=O)CCBr,O=C(CCBr)N1CCN(C(=O)CCBr)CC1,18,False,,
DB00237,,CCC(C)C1(CC)C(=O)NC(=O)NC1=O,CCC(C)C1(CC)C(=O)NC(=O)NC1=O,23,False,,
DB00238,,CC1=C2NC(=O)C3=C(N=CC=C3)N(C3CC3)C2=NC=C1,Cc1ccnc2c1NC(=O)c1cccnc1N2C1CC1,37,False,,
DB00239,CHEMBL1262,ClC1=CC(Cl)=C(CO\N=C(/CN2C=CN=C2)C2=CC=C(Cl)C=C2Cl)C=C1,Clc1ccc(CO/N=C(\Cn2ccnc2)c2ccc(Cl)cc2Cl)c(Cl)c1,45,False,7.397940008672037,False
DB00240,,[H][C@@]12C[C@@H](C)[C@](O)(C(=O)CO)[C@@]1(C)C[C@H](O)[C@@]1([H])[C@@]2([H])[C@H](Cl)CC2=CC(=O)C=C[C@]12C,C[C@@H]1C[C@H]2[C@H]3[C@H]([C@@H](O)C[C@]2(C)[C@@]1(O)C(=O)CO)[C@@]1(C)C=CC(=O)C=C1C[C@H]3Cl,75,False,,
DB00241,,CC(C)CC1(CC=C)C(=O)NC(=O)NC1=O,C=CCC1(CC(C)C)C(=O)NC(=O)NC1=O,25,False,,
DB00242,,NC1=C2N=CN([C@H]3C[C@H](O)[C@@H](CO)O3)C2=NC(Cl)=N1,Nc1nc(Cl)nc2c1ncn2[C@H]1C[C@H](O)[C@@H](CO)O1,42,False,,
DB00243,,COC1=CC=CC=C1OCC(O)CN1CCN(CC(=O)NC2=C(C)C=CC=C2C)CC1,COc1ccccc1OCC(O)CN1CCN(CC(=O)Nc2c(C)cccc2C)CC1,40,False,,
DB00244,,NC1=CC(C(O)=O)=C(O)C=C1,Nc1ccc(O)c(C(=O)O)c1,21,False,,
DB00245,CHEMBL1201203,[H][C@]12CC[C@]([H])(C[C@@]([H])(C1)OC(C1=CC=CC=C1)C1=CC=CC=C1)N2C,CN1[C@@H]2CC[C@H]1C[C@@H](OC(c1ccccc1)c1ccccc1)C2,50,False,9.26440110030182,True
DB00246,,ClC1=C(CCN2CCN(CC2)C2=NSC3=CC=CC=C23)C=C2CC(=O)NC2=C1,O=C1Cc2cc(CCN3CCN(c4nsc5ccccc45)CC3)c(Cl)cc2N1,40,False,,
DB00247,,[H][C@@]12CC3=CN(C)C4=C3C(=CC=C4)C1=C[C@H](CN2C)C(=O)NC(CC)CO,CCC(CO)NC(=O)[C@@H]1C=C2c3cccc4c3c(cn4C)C[C@H]2N(C)C1,49,False,,
DB00248,,[H][C@@]12CC3=CNC4=CC=CC(=C34)[C@@]1([H])C[C@H](CN2CC=C)C(=O)N(CCCN(C)C)C(=O)NCC,C=CCN1C[C@H](C(=O)N(CCCN(C)C)C(=O)NCC)C[C@@H]2c3cccc4[nH]cc(c34)C[C@H]21,57,False,,
DB00249,,OC[C@H]1O[C@H](C[C@@H]1O)N1C=C(I)C(=O)NC1=O,O=c1[nH]c(=O)n([C@H]2C[C@H](O)[C@@H](CO)O2)cc1I,40,False,,
DB00250,,NC1=CC=C(C=C1)S(=O)(=O)C1=CC=C(N)C=C1,Nc1ccc(S(=O)(=O)c2ccc(N)cc2)cc1,33,False,,
DB00252,CHEMBL16,O=C1NC(=O)C(N1)(C1=CC=CC=C1)C1=CC=CC=C1,O=C1NC(=O)C(c2ccccc2)(c2ccccc2)N1,34,False,6.0655015487564325,False
DB00253,,[H][C@@]12CC[C@H](C(C)=O)[C@@]1(C)C[C@H](O)[C@@]1([H])[C@@]2([H])C[C@H](C)C2=CC(=O)CC[C@]12C,CC(=O)[C@H]1CC[C@H]2[C@@H]3C[C@H](C)C4=CC(=O)CC[C@]4(C)[C@H]3[C@@H](O)C[C@]12C,69,False,,
DB00255,,CC\C(=C(\CC)C1=CC=C(O)C=C1)C1=CC=C(O)C=C1,CC/C(=C(/CC)c1ccc(O)cc1)c1ccc(O)cc1,37,False,,
DB00257,,ClC1=CC=CC=C1C(N1C=CN=C1)(C1=CC=CC=C1)C1=CC=CC=C1,Clc1ccccc1C(c1ccccc1)(c1ccccc1)n1ccnc1,41,False,,
DB00258,,[Ca++].CC([O-])=O.CC([O-])=O,CC(=O)[O-].CC(=O)[O-].[Ca+2],19,False,,
DB00259,,NC1=CC=C(C=C1)S(N)(=O)=O,Nc1ccc(S(N)(=O)=O)cc1,21,False,,
DB00260,,N[C@@H]1CONC1=O,N[C@@H]1CONC1=O,13,False,,
DB00261,,ClC1=CC=C2N=C3NC(=O)CN3CC2=C1Cl,O=C1CN2Cc3c(ccc(Cl)c3Cl)N=C2N1,25,False,,
DB00262,,ClCCNC(=O)N(CCCl)N=O,O=NN(CCCl)C(=O)NCCCl,14,False,,
DB00263,,CC1=NOC(NS(=O)(=O)C2=CC=C(N)C=C2)=C1C,Cc1noc(NS(=O)(=O)c2ccc(N)cc2)c1C,30,False,,
DB00264,,COCCC1=CC=C(OCC(O)CNC(C)C)C=C1,COCCc1ccc(OCC(O)CNC(C)C)cc1,23,False,,
DB00265,,CCN(C(=O)C=CC)C1=CC=CC=C1C,CC=CC(=O)N(CC)c1ccccc1C,22,False,,
DB00266,,OC1=C(CC2=C(O)C3=C(OC2=O)C=CC=C3)C(=O)OC2=C1C=CC=C2,O=c1oc2ccccc2c(O)c1Cc1c(O)c2ccccc2oc1=O,46,False,,
DB00268,,CCCN(CCC)CCC1=C2CC(=O)NC2=CC=C1,CCCN(CCC)CCc1cccc2c1CC(=O)N2,22,False,,
DB00270,CHEMBL1648,COC(=O)C1=C(C)NC(C)=C(C1C1=CC=CC2=NON=C12)C(=O)OC(C)C,COC(=O)C1=C(C)NC(C)=C(C(=O)OC(C)C)C1c1cccc2nonc12,44,False,8.657577319177793,True
DB00272,,NCCC1=CC=NN1,NCCc1ccn[nH]1,9,False,,
DB00273,CHEMBL220492,[H][C@@]12CO[C@@]3(COS(N)(=O)=O)OC(C)(C)O[C@@]3([H])[C@]1([H])OC(C)(C)O2,CC1(C)O[C@@H]2[C@@H](CO[C@@]3(COS(N)(=O)=O)OC(C)(C)O[C@@H]23)O1,52,False,8.301029995663981,True
DB00275,CHEMBL1516,CCCC1=NC(=C(N1CC1=CC=C(C=C1)C1=C(C=CC=C1)C1=NN=NN1)C(O)=O)C(C)(C)O,CCCc1nc(C(C)(C)O)c(C(=O)O)n1Cc1ccc(-c2ccccc2-c2nnn[nH]2)cc1,56,False,8.113509274827518,False
DB00276,,COC1=C(NC2=C3C=CC=CC3=NC3=CC=CC=C23)C=CC(NS(C)(=O)=O)=C1,COc1cc(NS(C)(=O)=O)ccc1Nc1c2ccccc2nc2ccccc12,43,False,,
DB00277,,CN1C2=C(NC=N2)C(=O)N(C)C1=O,Cn1c(=O)c2[nH]cnc2n(C)c1=O,26,False,,
DB00280,CHEMBL517,CC(C)N(CCC(C(N)=O)(C1=CC=CC=C1)C1=NC=CC=C1)C(C)C,CC(C)N(CCC(C(N)=O)(c1ccccc1)c1ccccn1)C(C)C,41,False,5.823908740944319,False
DB00281,,CCN(CC)CC(=O)NC1=C(C)C=CC=C1C,CCN(CC)CC(=O)Nc1c(C)cccc1C,24,False,,
DB00283,CHEMBL1626,CN1CCC[C@@H]1CCO[C@](C)(C1=CC=CC=C1)C1=CC=C(Cl)C=C1,CN1CCC[C@@H]1CCO[C@](C)(c1ccccc1)c1ccc(Cl)cc1,40,False,9.37571790416433,True
DB00285,,COC1=CC=C(C=C1)C(CN(C)C)C1(O)CCCCC1,COc1ccc(C(CN(C)C)C2(O)CCCCC2)cc1,29,False,,
DB00289,,CNCC[C@@H](OC1=CC=CC=C1C)C1=CC=CC=C1,CNCC[C@@H](Oc1ccccc1C)c1ccccc1,28,False,,
DB00291,,OC(=O)CCCC1=CC=C(C=C1)N(CCCl)CCCl,O=C(O)CCCc1ccc(N(CCCl)CCCl)cc1,23,False,,
DB00292,CHEMBL681,CCOC(=O)C1=CN=CN1[C@H](C)C1=CC=CC=C1,CCOC(=O)c1cncn1[C@H](C)c1ccccc1,29,False,10.0,True
DB00294,,[H][C@@]12CC[C@@](O)(C#C)[C@@]1(CC)CC(=C)[C@]1([H])[C@@]3([H])CCC(=O)C=C3CC[C@@]21[H],C#C[C@]1(O)CC[C@H]2[C@@H]3CCC4=CC(=O)CC[C@@H]4[C@H]3C(=C)C[C@@]21CC,58,False,,
DB00295,,[H][C@@]12OC3=C(O)C=CC4=C3[C@@]11CCN(C)[C@]([H])(C4)[C@]1([H])C=C[C@@H]2O,CN1CC[C@]23c4c5ccc(O)c4O[C@H]2[C@@H](O)C=C[C@H]3[C@H]1C5,56,False,,
DB00296,,CCCN1CCCC[C@H]1C(=O)NC1=C(C)C=CC=C1C,CCCN1CCCC[C@H]1C(=O)Nc1c(C)cccc1C,29,False,,
DB00297,,CCCCN1CCCCC1C(=O)NC1=C(C)C=CC=C1C,CCCCN1CCCCC1C(=O)Nc1c(C)cccc1C,24,False,,
DB00298,,CC1=CC=CC=C1N1CCN(CCC2=NN=C3CCCCN23)CC1,Cc1ccccc1N1CCN(CCc2nnc3n2CCCC3)CC1,27,False,,
DB00299,,NC1=NC(=O)C2=C(N1)N(CCC(CO)CO)C=N2,Nc1nc(=O)c2ncn(CCC(CO)CO)c2[nH]1,29,False,,
DB00301,,[H][C@]12SC(C)(C)[C@@H](N1C(=O)[C@H]2NC(=O)C1=C(C)ON=C1C1=C(Cl)C=CC=C1F)C(O)=O,Cc1onc(-c2c(F)cccc2Cl)c1C(=O)N[C@@H]1C(=O)N2[C@@H]1SC(C)(C)[C@@H]2C(=O)O,64,False,,
DB00302,CHEMBL877,NC[C@H]1CC[C@@H](CC1)C(O)=O,NC[C@H]1CC[C@H](C(=O)O)CC1,23,False,5.560667306169737,False
DB00304,,[H][C@@]12CC[C@@](O)(C#C)[C@@]1(CC)CC(=C)[C@]1([H])[C@@]3([H])CCCC=C3CC[C@@]21[H],C#C[C@]1(O)CC[C@H]2[C@@H]3CCC4=CCCC[C@@H]4[C@H]3C(=C)C[C@@]21CC,54,False,,
DB00306,,CCC(C)C1(CC=C)C(=O)NC(=O)NC1=O,C=CCC1(C(C)CC)C(=O)NC(=O)NC1=O,25,False,,
DB00307,CHEMBL1023,CC1=CC2=C(C=C1C(=C)C1=CC=C(C=C1)C(O)=O)C(C)(C)CCC2(C)C,C=C(c1ccc(C(=O)O)cc1)c1cc2c(cc1C)C(C)(C)CCC2(C)C,48,False,9.181642122041644,True
DB00308,,CCCCCCCN(CC)CCCC(O)C1=CC=C(NS(C)(=O)=O)C=C1,CCCCCCCN(CC)CCCC(O)c1ccc(NS(C)(=O)=O)cc1,30,False,,
DB00310,CHEMBL1055,NS(=O)(=O)C1=C(Cl)C=CC(=C1)C1(O)NC(=O)C2=CC=CC=C12,NS(=O)(=O)c1cc(C2(O)NC(=O)c3ccccc32)ccc1Cl,40,False,6.169411331314856,False
DB00312,,CCCC(C)C1(CC)C(=O)NC(=O)NC1=O,CCCC(C)C1(CC)C(=O)NC(=O)NC1=O,23,False,,
DB00313,,CCCC(CCC)C(O)=O,CCCC(CCC)C(=O)O,11,False,,
DB00315,CHEMBL1185,CN(C)CCC1=CNC2=CC=C(C[C@H]3COC(=O)N3)C=C12,CN(C)CCc1c[nH]c2ccc(C[C@H]3COC(=O)N3)cc12,34,False,8.550059011226661,True
DB00316,,CC(=O)NC1=CC=C(O)C=C1,CC(=O)Nc1ccc(O)cc1,19,False,,
DB00317,,COC1=C(OCCCN2CCOCC2)C=C2C(NC3=CC(Cl)=C(F)C=C3)=NC=NC2=C1,COc1cc2ncnc(Nc3ccc(F)c(Cl)c3)c2cc1OCCCN1CCOCC1,41,False,,
DB00318,,[H][C@]12C=C[C@H](O)[C@@H]3OC4=C5C(C[C@H]1N(C)CC[C@@]235)=CC=C4OC,COc1ccc2c3c1O[C@H]1[C@@H](O)C=C[C@H]4[C@@H](C2)N(C)CC[C@@]341,53,False,,
DB00321,,CN(C)CCC=C1C2=CC=CC=C2CCC2=CC=CC=C12,CN(C)CCC=C1c2ccccc2CCc2ccccc21,28,False,,
DB00322,,OC[C@H]1O[C@H](C[C@@H]1O)N1C=C(F)C(=O)NC1=O,O=c1[nH]c(=O)n([C@H]2C[C@H](O)[C@@H](CO)O2)cc1F,40,False,,
DB00323,,CC1=CC=C(C=C1)C(=O)C1=CC(=C(O)C(O)=C1)[N+]([O-])=O,Cc1ccc(C(=O)c2cc(O)c(O)c([N+](=O)[O-])c2)cc1,39,False,,
DB00324,,[H][C@@]12CC[C@](O)(C(C)=O)[C@@]1(C)C[C@H](O)[C@@]1(F)[C@@]2([H])C[C@H](C)C2=CC(=O)C=C[C@]12C,CC(=O)[C@@]1(O)CC[C@H]2[C@@H]3C[C@H](C)C4=CC(=O)C=C[C@]4(C)[C@@]3(F)[C@@H](O)C[C@@]21C,70,False,,
DB00327,,[H][C@@]12OC3=C(O)C=CC4=C3[C@@]11CCN(C)[C@]([H])(C4)[C@]1([H])CCC2=O,CN1CC[C@]23c4c5ccc(O)c4O[C@H]2C(=O)CC[C@H]3[C@H]1C5,50,False,,
DB00328,,COC1=CC2=C(C=C1)N(C(=O)C1=CC=C(Cl)C=C1)C(C)=C2CC(O)=O,COc1ccc2c(c1)c(CC(=O)O)c(C)n2C(=O)c1ccc(Cl)cc1,46,False,,
DB00330,,CC[C@@H](CO)NCCN[C@@H](CC)CO,CC[C@@H](CO)NCCN[C@@H](CC)CO,19,False,,
DB00331,,CN(C)C(=N)NC(N)=N,CN(C)C(=N)NC(=N)N,15,False,,
DB00332,,[H][C@]12CC[C@]([H])(C[C@@H](C1)OC(=O)C(CO)C1=CC=CC=C1)[N+]2(C)C(C)C,CC(C)[N+]1(C)[C@@H]2CC[C@H]1C[C@@H](OC(=O)C(CO)c1ccccc1)C2,53,False,,
DB00333,,CCC(=O)C(CC(C)N(C)C)(C1=CC=CC=C1)C1=CC=CC=C1,CCC(=O)C(CC(C)N(C)C)(c1ccccc1)c1ccccc1,37,False,,
DB00334,,CN1CCN(CC1)C1=NC2=CC=CC=C2NC2=C1C=C(C)S2,Cc1cc2c(s1)Nc1ccccc1N=C2N1CCN(C)CC1,34,False,,
DB00335,,CC(C)NCC(O)COC1=CC=C(CC(N)=O)C=C1,CC(C)NCC(O)COc1ccc(CC(N)=O)cc1,27,False,,
DB00336,,NC(=O)N\N=C\C1=CC=C(O1)[N+]([O-])=O,NC(=O)N/N=C/c1ccc([N+](=O)[O-])o1,27,False,,
DB00338,,COC1=CC2=C(C=C1)N=C(N2)S(=O)CC1=NC=C(C)C(OC)=C1C,COc1ccc2nc(S(=O)Cc3ncc(C)c(OC)c3C)[nH]c2c1,42,False,,
DB00339,,NC(=O)C1=NC=CN=C1,NC(=O)c1cnccn1,15,False,,
DB00340,,CN1CCCC(CC2C3=CC=CC=C3SC3=CC=CC=C23)C1,CN1CCCC(CC2c3ccccc3Sc3ccccc32)C1,29,False,,
DB00341,CHEMBL1000,OC(=O)COCCN1CCN(CC1)C(C1=CC=CC=C1)C1=CC=C(Cl)C=C1,O=C(O)COCCN1CCN(C(c2ccccc2)c2ccc(Cl)cc2)CC1,38,False,6.771086594005312,False
DB00342,CHEMBL17157,CC(C)(C)C1=CC=C(C=C1)C(O)CCCN1CCC(CC1)C(O)(C1=CC=CC=C1)C1=CC=CC=C1,CC(C)(C)c1ccc(C(O)CCCN2CCC(C(O)(c3ccccc3)c3ccccc3)CC2)cc1,54,False,9.0,True
DB00343,CHEMBL23,COC1=CC=C(C=C1)[C@@H]1SC2=C(C=CC=C2)N(CCN(C)C)C(=O)[C@@H]1OC(C)=O,COc1ccc([C@@H]2Sc3ccccc3N(CCN(C)C)C(=O)[C@@H]2OC(C)=O)cc1,53,False,7.552841968657781,False
DB00344,,CNCCCC1C2=CC=CC=C2C=CC2=CC=CC=C12,CNCCCC1c2ccccc2C=Cc2ccccc21,25,False,,
DB00345,CHEMBL463,NC1=CC=C(C=C1)C(=O)NCC(O)=O,Nc1ccc(C(=O)NCC(=O)O)cc1,23,False,5.055517327849832,False
DB00346,,COC1=CC2=C(C=C1OC)C(N)=NC(=N2)N(C)CCCNC(=O)C1CCCO1,COc1cc2nc(N(C)CCCNC(=O)C3CCCO3)nc(N)c2cc1OC,37,False,,
DB00347,,CN1C(=O)OC(C)(C)C1=O,CN1C(=O)OC(C)(C)C1=O,18,False,,
DB00348,CHEMBL1337,[O-][N+](=O)C1=C(C=CC(=C1)C(F)(F)F)C(=O)C1C(=O)CCCC1=O,O=C1CCCC(=O)C1C(=O)c1ccc(C(F)(F)F)cc1[N+](=O)[O-],43,False,7.397940008672037,False
DB00349,,CN1C2=C(C=C(Cl)C=C2)N(C2=CC=CC=C2)C(=O)CC1=O,CN1C(=O)CC(=O)N(c2ccccc2)c2cc(Cl)ccc21,40,False,,
DB00350,CHEMBL802,NC1=CC(=NC(N)=[N+]1[O-])N1CCCCC1,Nc1cc(N2CCCCC2)nc(N)[n+]1[O-],21,False,5.0,False
DB00351,,[H][C@@]12CC[C@](OC(C)=O)(C(C)=O)[C@@]1(C)CC[C@@]1([H])[C@@]2([H])C=C(C)C2=CC(=O)CC[C@]12C,CC(=O)O[C@]1(C(C)=O)CC[C@H]2[C@@H]3C=C(C)C4=CC(=O)CC[C@]4(C)[C@H]3CC[C@@]21C,65,False,,
DB00352,CHEMBL727,NC1=NC(=S)C2=C(N1)N=CN2,Nc1nc(=S)c2[nH]cnc2[nH]1,21,False,7.307417437725091,False
DB00353,,[H][C@@]12CC3=CNC4=CC=CC(=C34)C1=C[C@H](CN2C)C(=O)N[C@@H](CC)CO,CC[C@@H](CO)NC(=O)[C@@H]1C=C2c3cccc4[nH]cc(c34)C[C@H]2N(C)C1,47,False,,
DB00354,,CC(C)(C)C1=CC=C(CN2CCN(CC2)C(C2=CC=CC=C2)C2=CC=C(Cl)C=C2)C=C1,CC(C)(C)c1ccc(CN2CCN(C(c3ccccc3)c3ccc(Cl)cc3)CC2)cc1,52,False,,
DB00356,CHEMBL1371,ClC1=CC2=C(OC(=O)N2)C=C1,O=c1[nH]c2cc(Cl)ccc2o1,21,False,5.553773598221837,False
DB00357,CHEMBL488,CCC1(CCC(=O)NC1=O)C1=CC=C(N)C=C1,CCC1(c2ccc(N)cc2)CCC(=O)NC1=O,27,False,8.2839966563652,True
DB00358,,OC(C1CCCCN1)C1=CC(=NC2=C1C=CC=C2C(F)(F)F)C(F)(F)F,OC(c1cc(C(F)(F)F)nc2c(C(F)(F)F)cccc12)C1CCCCN1,40,False,,
DB00359,,NC1=CC=C(C=C1)S(=O)(=O)NC1=NC=CC=N1,Nc1ccc(S(=O)(=O)Nc2ncccn2)cc1,29,False,,
DB00360,,[H][C@@]1(CNC2=C(N1)C(=O)NC(N)=N2)[C@@H](O)[C@H](C)O,C[C@H](O)[C@H](O)[C@H]1CNc2nc(N)[nH]c(=O)c2N1,41,False,,
DB00363,,CN1CCN(CC1)C1=NC2=CC(Cl)=CC=C2NC2=CC=CC=C12,CN1CCN(C2=Nc3cc(Cl)ccc3Nc3ccccc32)CC1,32,False,,
DB00365,,CC1CN(CCN1)C1=C(F)C(C)=C2C(=O)C(=CN(C3CC3)C2=C1)C(O)=O,Cc1c(F)c(N2CCNC(C)C2)cc2c1c(=O)c(C(=O)O)cn2C1CC1,46,False,,
DB00366,,CN(C)CCOC(C)(C1=CC=CC=C1)C1=CC=CC=N1,CN(C)CCOC(C)(c1ccccc1)c1ccccn1,29,False,,
DB00367,,[H][C@@]12CC[C@@](O)(C#C)[C@@]1(CC)CC[C@]1([H])[C@@]3([H])CCC(=O)C=C3CC[C@@]21[H],C#C[C@]1(O)CC[C@H]2[C@@H]3CCC4=CC(=O)CC[C@@H]4[C@H]3CC[C@@]21CC,56,False,,
DB00368,,NC[C@H](O)C1=CC(O)=C(O)C=C1,NC[C@H](O)c1ccc(O)c(O)c1,25,False,,
DB00370,,CN1CCN2C(C1)C1=CC=CC=C1CC1=C2N=CC=C1,CN1CCN2c3ncccc3Cc3ccccc3C2C1,31,False,,
DB00371,,CCCC(C)(COC(N)=O)COC(N)=O,CCCC(C)(COC(N)=O)COC(N)=O,17,False,,
DB00373,CHEMBL499,[H][C@](O)(CNC(C)(C)C)COC1=NSN=C1N1CCOCC1,CC(C)(C)NC[C@H](O)COc1nsnc1N1CCOCC1,29,False,9.666955970176511,True
DB00374,,[H][C@]12C[C@@H](O)[C@H](CC[C@@H](O)CCCCC)[C@@]1([H])CC1=C(C2)C(OCC(O)=O)=CC=C1,CCCCC[C@H](O)CC[C@@H]1[C@H]2Cc3cccc(OCC(=O)O)c3C[C@H]2C[C@H]1O,57,False,,
DB00376,,OC(CCN1CCCCC1)(C1CCCCC1)C1=CC=CC=C1,OC(CCN1CCCCC1)(c1ccccc1)C1CCCCC1,23,False,,
DB00377,,[H][C@]12CCCC3=C1C(=CC=C3)C(=O)N(C2)[C@@H]1CN2CCC1CC2,O=C1c2cccc3c2[C@H](CCC3)CN1[C@@H]1CN2CCC1CC2,40,False,,
DB00378,,[H][C@@]12CC[C@H](C(C)=O)[C@@]1(C)CC[C@]1([H])[C@@]2([H])C=CC2=CC(=O)CC[C@@]12C,CC(=O)[C@H]1CC[C@H]2[C@@H]3C=CC4=CC(=O)CC[C@@]4(C)[C@@H]3CC[C@]12C,57,False,,
DB00379,CHEMBL558,CC(N)COC1=C(C)C=CC=C1C,Cc1cccc(C)c1OCC(C)N,20,False,5.943857737940948,False
DB00380,CHEMBL1738,C[C@@H](CN1CC(=O)NC(=O)C1)N1CC(=O)NC(=O)C1,C[C@@H](CN1CC(=O)NC(=O)C1)N1CC(=O)NC(=O)C1,33,False,4.7447274948966935,False
DB00381,,CCOC(=O)C1=C(COCCN)NC(C)=C(C1C1=CC=CC=C1Cl)C(=O)OC,CCOC(=O)C1=C(COCCN)NC(C)=C(C(=O)OC)C1c1ccccc1Cl,37,False,,
DB00383,,CN1CCCN=C1COC(=O)C(O)(C1CCCCC1)C1=CC=CC=C1,CN1CCCN=C1COC(=O)C(O)(c1ccccc1)C1CCCCC1,30,False,,
DB00384,,NC1=NC(N)=C2N=C(C(N)=NC2=N1)C1=CC=CC=C1,Nc1nc(N)c2nc(-c3ccccc3)c(N)nc2n1,34,False,,
DB00387,,OC(CCN1CCCC1)(C1CCCCC1)C1=CC=CC=C1,OC(CCN1CCCC1)(c1ccccc1)C1CCCCC1,23,False,,
DB00388,,CNC[C@H](O)C1=CC(O)=CC=C1,CNC[C@H](O)c1cccc(O)c1,21,False,,
DB00389,,CCOC(=O)N1C=CN(C)C1=S,CCOC(=O)n1ccn(C)c1=S,18,False,,
DB00391,,CCN1CCCC1CNC(=O)C1=C(OC)C=CC(=C1)S(N)(=O)=O,CCN1CCCC1CNC(=O)c1cc(S(N)(=O)=O)ccc1OC,31,False,,
DB00392,,CCN(CC)C(C)CN1C2=CC=CC=C2SC2=CC=CC=C12,CCN(CC)C(C)CN1c2ccccc2Sc2ccccc21,30,False,,
DB00393,,COCCOC(=O)C1=C(C)NC(C)=C(C1C1=CC(=CC=C1)[N+]([O-])=O)C(=O)OC(C)C,COCCOC(=O)C1=C(C)NC(C)=C(C(=O)OC(C)C)C1c1cccc([N+](=O)[O-])c1,46,False,,
DB00395,,CCCC(C)(COC(N)=O)COC(=O)NC(C)C,CCCC(C)(COC(N)=O)COC(=O)NC(C)C,21,False,,
DB00396,,[H][C@@]12CC[C@H](C(C)=O)[C@@]1(C)CC[C@@]1([H])[C@@]2([H])CCC2=CC(=O)CC[C@]12C,CC(=O)[C@H]1CC[C@H]2[C@@H]3CCC4=CC(=O)CC[C@]4(C)[C@H]3CC[C@]12C,55,False,,
DB00397,,[H][C@@](C)(N)[C@]([H])(O)C1=CC=CC=C1,C[C@H](N)[C@H](O)c1ccccc1,27,False,,
DB00398,CHEMBL1336,CNC(=O)C1=NC=CC(OC2=CC=C(NC(=O)NC3=CC(=C(Cl)C=C3)C(F)(F)F)C=C2)=C1,CNC(=O)c1cc(Oc2ccc(NC(=O)Nc3ccc(Cl)c(C(F)(F)F)c3)cc2)ccn1,53,False,11.517984423549288,True
DB00400,CHEMBL562,COC1=CC(OC)=C(Cl)C2=C1C(=O)[C@]1(O2)[C@H](C)CC(=O)C=C1OC,COC1=CC(=O)C[C@@H](C)[C@]12Oc1c(Cl)c(OC)cc(OC)c1C2=O,44,False,7.236572006437063,False
DB00401,,COC(=O)C1=C(C)NC(C)=C(C1C1=CC=CC=C1[N+]([O-])=O)C(=O)OCC(C)C,COC(=O)C1=C(C)NC(C)=C(C(=O)OCC(C)C)C1c1ccccc1[N+](=O)[O-],46,False,,
DB00402,,CN1CCN(CC1)C(=O)O[C@@H]1N(C(=O)C2=NC=CN=C12)C1=NC=C(Cl)C=C1,CN1CCN(C(=O)O[C@H]2c3nccnc3C(=O)N2c2ccc(Cl)cn2)CC1,49,False,,
DB00404,,CC1=NN=C2CN=C(C3=CC=CC=C3)C3=C(C=CC(Cl)=C3)N12,Cc1nnc2n1-c1ccc(Cl)cc1C(c1ccccc1)=NC2,39,False,,
DB00405,,CN(C)CC[C@@H](C1=CC=C(Br)C=C1)C1=CC=CC=N1,CN(C)CC[C@@H](c1ccc(Br)cc1)c1ccccn1,35,False,,
DB00406,CHEMBL459265,CN(C)C1=CC=C(C=C1)C(C1=CC=C(C=C1)N(C)C)=C1C=CC(C=C1)=[N+](C)C,CN(C)c1ccc(C(=C2C=CC(=[N+](C)C)C=C2)c2ccc(N(C)C)cc2)cc1,54,False,6.020815966325581,False
DB00408,,CN1CCN(CC1)C1=NC2=CC=CC=C2OC2=C1C=C(Cl)C=C2,CN1CCN(C2=Nc3ccccc3Oc3ccc(Cl)cc32)CC1,36,False,,
DB00409,,CCN1CCC[C@H]1CNC(=O)C1=C(OC)C=CC(Br)=C1OC,CCN1CCC[C@H]1CNC(=O)c1c(OC)ccc(Br)c1OC,31,False,,
DB00411,,C[N+](C)(C)CCOC(N)=O,C[N+](C)(C)CCOC(N)=O,15,False,,
DB00412,,CN(CCOC1=CC=C(CC2SC(=O)NC2=O)C=C1)C1=CC=CC=N1,CN(CCOc1ccc(CC2SC(=O)NC2=O)cc1)c1ccccn1,36,False,,
DB00413,CHEMBL301265,CCCN[C@H]1CCC2=C(C1)SC(N)=N2,CCCN[C@H]1CCc2nc(N)sc2C1,23,False,8.10790539730952,False
DB00414,,CC(=O)C1=CC=C(C=C1)S(=O)(=O)NC(=O)NC1CCCCC1,CC(=O)c1ccc(S(=O)(=O)NC(=O)NC2CCCCC2)cc1,32,False,,
DB00415,,[H][C@]12SC(C)(C)[C@@H](N1C(=O)[C@H]2NC(=O)[C@H](N)C1=CC=CC=C1)C(O)=O,CC1(C)S[C@@H]2[C@H](NC(=O)[C@H](N)c3ccccc3)C(=O)N2[C@H]1C(=O)O,54,False,,
DB00417,,[H][C@]12SC(C)(C)[C@@H](N1C(=O)[C@H]2NC(=O)COC1=CC=CC=C1)C(O)=O,CC1(C)S[C@@H]2[C@H](NC(=O)COc3ccccc3)C(=O)N2[C@H]1C(=O)O,48,False,,
DB00418,,CCCC(C)C1(CC=C)C(=O)NC(=O)NC1=O,C=CCC1(C(C)CCC)C(=O)NC(=O)NC1=O,25,False,,
DB00419,CHEMBL1029,CCCCN1C[C@H](O)[C@@H](O)[C@H](O)[C@H]1CO,CCCCN1C[C@H](O)[C@@H](O)[C@H](O)[C@H]1CO,30,False,7.853871964321762,False
DB00420,,CN(C)CCCN1C2=CC=CC=C2SC2=CC=CC=C12,CN(C)CCCN1c2ccccc2Sc2ccccc21,26,False,,
DB00421,,[H][C@@]12CC[C@@]3(CCC(=O)O3)[C@@]1(C)CC[C@@]1([H])[C@@]2([H])[C@@]([H])(CC2=CC(=O)CC[C@]12C)SC(C)=O,CC(=O)S[C@@H]1CC2=CC(=O)CC[C@]2(C)[C@H]2CC[C@@]3(C)[C@@H](CC[C@@]34CCC(=O)O4)[C@H]12,67,False,,
DB00422,,COC(=O)C(C1CCCCN1)C1=CC=CC=C1,COC(=O)C(c1ccccc1)C1CCCCN1,22,False,,
DB00423,,COC1=C(OCC(O)COC(N)=O)C=CC=C1,COc1ccccc1OCC(O)COC(N)=O,23,False,,
DB00424,,CN1[C@H]2CC[C@@H]1C[C@@H](C2)OC(=O)[C@H](CO)C1=CC=CC=C1,CN1[C@@H]2CC[C@H]1C[C@@H](OC(=O)[C@H](CO)c1ccccc1)C2,45,False,,
DB00425,CHEMBL911,CN(C)C(=O)CC1=C(N=C2C=CC(C)=CN12)C1=CC=C(C)C=C1,Cc1ccc(-c2nc3ccc(C)cn3c2CC(=O)N(C)C)cc1,41,False,7.853871964321762,False
DB00426,,CC(=O)OCC(CCN1C=NC2=CN=C(N)N=C12)COC(C)=O,CC(=O)OCC(CCn1cnc2cnc(N)nc21)COC(C)=O,31,False,,
DB00427,,CC1=CC=C(C=C1)C(=C/CN1CCCC1)\C1=CC=CC=N1,Cc1ccc(/C(=C\CN2CCCC2)c2ccccn2)cc1,32,False,,
DB00429,,OCC([NH3+])(CO)CO.CCCCC[C@@](O)(C)\C=C\[C@H]1[C@@H](O)C[C@H](O)[C@@H]1C\C=C/CCCC(=O)[O-],CCCCC[C@](C)(O)/C=C/[C@@H]1[C@@H](C/C=C\CCCC(=O)[O-])[C@@H](O)C[C@@H]1O.[NH3+]C(CO)(CO)CO,60,False,,
DB00431,CHEMBL15891,Cl[C@H]1[C@H](Cl)[C@@H](Cl)[C@@H](Cl)[C@H](Cl)[C@H]1Cl,Cl[C@H]1[C@H](Cl)[C@@H](Cl)[C@@H](Cl)[C@H](Cl)[C@H]1Cl,40,False,9.045757490560677,True
DB00432,,OC[C@H]1O[C@H](C[C@@H]1O)N1C=C(C(=O)NC1=O)C(F)(F)F,O=c1[nH]c(=O)n([C@H]2C[C@H](O)[C@@H](CO)O2)cc1C(F)(F)F,46,False,,
DB00433,,CN1CCN(CCCN2C3=CC=CC=C3SC3=C2C=C(Cl)C=C3)CC1,CN1CCN(CCCN2c3ccccc3Sc3ccc(Cl)cc32)CC1,35,False,,
DB00434,CHEMBL516,CN1CCC(CC1)=C1C2=CC=CC=C2C=CC2=CC=CC=C12,CN1CCC(=C2c3ccccc3C=Cc3ccccc32)CC1,31,False,9.011887159731648,True
DB00435,,[N]=O,[N]=O,7,False,,
DB00436,,NS(=O)(=O)C1=CC2=C(NC(CC3=CC=CC=C3)NS2(=O)=O)C=C1C(F)(F)F,NS(=O)(=O)c1cc2c(cc1C(F)(F)F)NC(Cc1ccccc1)NS2(=O)=O,46,False,,
DB00437,,OC1=NC=NC2=C1C=NN2,Oc1ncnc2[nH]ncc12,16,False,,
DB00439,,COCC1=C(C2=CC=C(F)C=C2)C(\C=C\[C@@H](O)C[C@@H](O)CC(O)=O)=C(C(C)C)N=C1C(C)C,COCc1c(C(C)C)nc(C(C)C)c(/C=C/[C@@H](O)C[C@@H](O)CC(=O)O)c1-c1ccc(F)cc1,64,False,,
DB00440,,COC1=CC(CC2=CN=C(N)N=C2N)=CC(OC)=C1OC,COc1cc(Cc2cnc(N)nc2N)cc(OC)c1OC,29,False,,
DB00441,,NC1=NC(=O)N(C=C1)[C@@H]1O[C@H](CO)[C@@H](O)C1(F)F,Nc1ccn([C@@H]2O[C@H](CO)[C@@H](O)C2(F)F)c(=O)n1,41,False,,
DB00442,,NC1=NC(=O)C2=C(N1)N(C=N2)[C@H]1C[C@H](O)[C@@H](CO)C1=C,C=C1[C@H](CO)[C@@H](O)C[C@@H]1n1cnc2c(=O)nc(N)[nH]c21,47,False,,
DB00443,,[H][C@@]12C[C@H](C)[C@](O)(C(=O)CO)[C@@]1(C)C[C@H](O)[C@@]1(F)[C@@]2([H])CCC2=CC(=O)C=C[C@]12C,C[C@H]1C[C@H]2[C@@H]3CCC4=CC(=O)C=C[C@]4(C)[C@@]3(F)[C@@H](O)C[C@]2(C)[C@@]1(O)C(=O)CO,68,False,,
DB00446,,OC[C@@H](NC(=O)C(Cl)Cl)[C@H](O)C1=CC=C(C=C1)[N+]([O-])=O,O=C(N[C@H](CO)[C@H](O)c1ccc([N+](=O)[O-])cc1)C(Cl)Cl,41,False,,
DB00448,CHEMBL480,CC1=C(OCC(F)(F)F)C=CN=C1CS(=O)C1=NC2=CC=CC=C2N1,Cc1c(OCC(F)(F)F)ccnc1CS(=O)c1nc2ccccc2[nH]1,39,False,7.13608262304214,False
DB00449,,CNCC(O)C1=CC(OC(=O)C(C)(C)C)=C(OC(=O)C(C)(C)C)C=C1,CNCC(O)c1ccc(OC(=O)C(C)(C)C)c(OC(=O)C(C)(C)C)c1,41,False,,
DB00450,,FC1=CC=C(C=C1)C(=O)CCCN1CCC(=CC1)N1C(=O)NC2=CC=CC=C12,O=C(CCCN1CC=C(n2c(=O)[nH]c3ccccc32)CC1)c1ccc(F)cc1,40,False,,
DB00454,,CCOC(=O)C1(CCN(C)CC1)C1=CC=CC=C1,CCOC(=O)C1(c2ccccc2)CCN(C)CC1,25,False,,
DB00455,,CCOC(=O)N1CCC(CC1)=C1C2=C(CCC3=C1N=CC=C3)C=C(Cl)C=C2,CCOC(=O)N1CCC(=C2c3ccc(Cl)cc3CCc3cccnc32)CC1,42,False,,
DB00456,,[H][C@@]1(NC(=O)CC2=CC=CS2)C(=O)N2C(C(O)=O)=C(COC(C)=O)CS[C@]12[H],CC(=O)OCC1=C(C(=O)O)N2C(=O)[C@@H](NC(=O)Cc3cccs3)[C@H]2SC1,51,False,,
DB00457,,COC1=C(OC)C=C2C(N)=NC(=NC2=C1)N1CCN(CC1)C(=O)C1=CC=CO1,COc1cc2nc(N3CCN(C(=O)c4ccco4)CC3)nc(N)c2cc1OC,43,False,,
DB00458,,CN(C)CCCN1C2=CC=CC=C2CCC2=CC=CC=C12,CN(C)CCCN1c2ccccc2CCc2ccccc21,26,False,,
DB00459,,COC1=C(C)C(C)=C(\C=C\C(\C)=C\C=C\C(\C)=C\C(O)=O)C(C)=C1,COc1cc(C)c(/C=C/C(C)=C/C=C/C(C)=C/C(=O)O)c(C)c1C,47,False,,
DB00461,CHEMBL1070,COC1=CC2=C(C=C1)C=C(CCC(C)=O)C=C2,COc1ccc2cc(CCC(C)=O)ccc2c1,29,False,6.000869458712629,False
DB00462,CHEMBL1354199,[Br-].[H][C@]12C[C@@H](C[C@@]([H])(C3OC13)[N+]2(C)C)OC(=O)[C@H](CO)C1=CC=CC=C1,C[N+]1(C)[C@H]2CC(OC(=O)[C@H](CO)c3ccccc3)C[C@H]1C1OC12.[Br-],57,False,9.374687549038326,True
DB00464,,[Na+].CCCCC(CC)CCC(CC(C)C)OS([O-])(=O)=O,CCCCC(CC)CCC(CC(C)C)OS(=O)(=O)[O-].[Na+],27,False,,
DB00465,,OC(=O)C1CCN2C1=CC=C2C(=O)C1=CC=CC=C1,O=C(c1ccccc1)c1ccc2n1CCC2C(=O)O,30,False,,
DB00467,,CCN1C=C(C(O)=O)C(=O)C2=CC(F)=C(N=C12)N1CCNCC1,CCn1cc(C(=O)O)c(=O)c2cc(F)c(N3CCNCC3)nc21,36,False,,
DB00468,,[H][C@]1(C[C@@H]2CC[N@]1C[C@@H]2C=C)[C@H](O)C1=CC=NC2=CC=C(OC)C=C12,C=C[C@H]1C[N@@]2CC[C@H]1C[C@H]2[C@H](O)c1ccnc2ccc(OC)cc12,56,False,,
DB00469,,CN1C(C(=O)NC2=CC=CC=N2)=C(O)C2=C(C=CS2)S1(=O)=O,CN1C(C(=O)Nc2ccccn2)=C(O)c2sccc2S1(=O)=O,40,False,,
DB00470,CHEMBL465,[H][C@@]12C=C(C)CC[C@@]1([H])C(C)(C)OC1=C2C(O)=CC(CCCCC)=C1,CCCCCc1cc(O)c2c(c1)OC(C)(C)[C@@H]1CCC(C)=C[C@@H]21,44,False,8.55284196865778,True
DB00472,CHEMBL41,CNCCC(OC1=CC=C(C=C1)C(F)(F)F)C1=CC=CC=C1,CNCCC(Oc1ccc(C(F)(F)F)cc1)c1ccccc1,33,False,9.292429823902063,True
DB00473,CHEMBL1197,CC(CNC1CCCCC1)OC(=O)C1=CC=CC=C1,CC(CNC1CCCCC1)OC(=O)c1ccccc1,22,False,5.154901959985743,False
DB00474,,CCC#CC(C)C1(CC=C)C(=O)NC(=O)N(C)C1=O,C=CCC1(C(C)C#CCC)C(=O)NC(=O)N(C)C1=O,31,False,,
DB00475,CHEMBL451,CNC1=NC2=C(C=C(Cl)C=C2)C(C2=CC=CC=C2)=[N+]([O-])C1,CNC1=Nc2ccc(Cl)cc2C(c2ccccc2)=[N+]([O-])C1,39,False,6.698970004336019,False
DB00476,CHEMBL1175,CNCC[C@H](OC1=CC=CC2=CC=CC=C12)C1=CC=CS1,CNCC[C@H](Oc1cccc2ccccc12)c1cccs1,30,False,9.500038134403807,True
DB00477,,CN(C)CCCN1C2=CC=CC=C2SC2=C1C=C(Cl)C=C2,CN(C)CCCN1c2ccccc2Sc2ccc(Cl)cc21,32,False,,
DB00478,,CC(N)C12CC3CC(CC(C3)C1)C2,CC(N)C12CC3CC(CC(C3)C1)C2,22,False,,
DB00480,,NC1=CC=CC2=C1CN(C1CCC(=O)NC1=O)C2=O,Nc1cccc2c1CN(C1CCC(=O)NC1=O)C2=O,29,False,,
DB00481,CHEMBL81,OC1=CC=C(C=C1)C1=C(C(=O)C2=CC=C(OCCN3CCCCC3)C=C2)C2=C(S1)C=C(O)C=C2,O=C(c1ccc(OCCN2CCCCC2)cc1)c1c(-c2ccc(O)cc2)sc2cc(O)ccc12,58,False,9.744727494896694,True
DB00482,,CC1=CC=C(C=C1)C1=CC(=NN1C1=CC=C(C=C1)S(N)(=O)=O)C(F)(F)F,Cc1ccc(-c2cc(C(F)(F)F)nn2-c2ccc(S(N)(=O)=O)cc2)cc1,48,False,,
DB00484,,BrC1=C(NC2=NCCN2)C=CC2=NC=CN=C12,Brc1c(NC2=NCCN2)ccc2nccnc12,25,False,,
DB00485,,[H][C@]12SC(C)(C)[C@@H](N1C(=O)[C@H]2NC(=O)C1=C(C)ON=C1C1=C(Cl)C=CC=C1Cl)C(O)=O,Cc1onc(-c2c(Cl)cccc2Cl)c1C(=O)N[C@@H]1C(=O)N2[C@@H]1SC(C)(C)[C@@H]2C(=O)O,64,False,,
DB00486,,[H][C@@]12CC(=O)CC[C@@]1([H])C(C)(C)OC1=CC(=CC(O)=C21)C(C)(C)CCCCCC,CCCCCCC(C)(C)c1cc(O)c2c(c1)OC(C)(C)[C@@H]1CCC(=O)C[C@@H]21,46,False,,
DB00487,,CCN1C=C(C(O)=O)C(=O)C2=CC(F)=C(C=C12)N1CCN(C)CC1,CCn1cc(C(=O)O)c(=O)c2cc(F)c(N3CCN(C)CC3)cc21,40,False,,
DB00489,,CC(C)NCC(O)C1=CC=C(NS(C)(=O)=O)C=C1,CC(C)NCC(O)c1ccc(NS(C)(=O)=O)cc1,29,False,,
DB00490,,O=C1CC2(CCCC2)CC(=O)N1CCCCN1CCN(CC1)C1=NC=CC=N1,O=C1CC2(CCCC2)CC(=O)N1CCCCN1CCN(c2ncccn2)CC1,34,False,,
DB00491,,OCCN1C[C@H](O)[C@@H](O)[C@H](O)[C@H]1CO,OCCN1C[C@H](O)[C@@H](O)[C@H](O)[C@H]1CO,30,False,,
DB00494,,CCN(CC)C(=O)C(=C\C1=CC(=C(O)C(O)=C1)[N+]([O-])=O)\C#N,CCN(CC)C(=O)/C(C#N)=C/c1cc(O)c(O)c([N+](=O)[O-])c1,39,False,,
DB00496,,NC(=O)C([C@@H]1CCN(CCC2=CC3=C(OCC3)C=C2)C1)(C1=CC=CC=C1)C1=CC=CC=C1,NC(=O)C(c1ccccc1)(c1ccccc1)[C@@H]1CCN(CCc2ccc3c(c2)CCO3)C1,53,False,,
DB00497,,COC1=C2O[C@H]3C(=O)CC[C@@]4(O)[C@H]5CC(C=C1)=C2[C@@]34CCN5C,COc1ccc2c3c1O[C@H]1C(=O)CC[C@@]4(O)[C@@H](C2)N(C)CC[C@]314,47,False,,
DB00498,,O=C1C(C(=O)C2=CC=CC=C12)C1=CC=CC=C1,O=C1c2ccccc2C(=O)C1c1ccccc1,31,False,,
DB00499,CHEMBL806,CC(C)C(=O)NC1=CC(=C(C=C1)[N+]([O-])=O)C(F)(F)F,CC(C)C(=O)Nc1ccc([N+](=O)[O-])c(C(F)(F)F)c1,35,False,7.239577516576788,False
DB00500,CHEMBL1020,CN1C(CC(O)=O)=CC=C1C(=O)C1=CC=C(C)C=C1,Cc1ccc(C(=O)c2ccc(CC(=O)O)n2C)cc1,33,False,7.387216143280264,False
DB00501,,CN\C(NCCSCC1=C(C)NC=N1)=N\C#N,CN/C(=N/C#N)NCCSCc1nc[nH]c1C,23,False,,
DB00502,,OC1(CCN(CCCC(=O)C2=CC=C(F)C=C2)CC1)C1=CC=C(Cl)C=C1,O=C(CCCN1CCC(O)(c2ccc(Cl)cc2)CC1)c1ccc(F)cc1,41,False,,
DB00504,,[H][C@@]12CCCC[C@@]11CCN(CC=C)[C@@H]2CC2=C1C=C(O)C=C2,C=CCN1CC[C@]23CCCC[C@H]2[C@H]1Cc1ccc(O)cc13,40,False,,
DB00507,,CC(=O)OC1=CC=CC=C1C(=O)NC1=NC=C(S1)[N+]([O-])=O,CC(=O)Oc1ccccc1C(=O)Nc1ncc([N+](=O)[O-])s1,34,False,,
DB00508,,CN(C)CCCN1C2=CC=CC=C2SC2=C1C=C(C=C2)C(F)(F)F,CN(C)CCCN1c2ccccc2Sc2ccc(C(F)(F)F)cc21,38,False,,
DB00513,,NCCCCCC(O)=O,NCCCCCC(=O)O,7,False,,
DB00514,CHEMBL52440,[H][C@]12CCCC[C@]11CCN(C)[C@H]2CC2=C1C=C(OC)C=C2,COc1ccc2c(c1)[C@]13CCCC[C@@H]1[C@H](C2)N(C)CC3,38,False,8.567030709125595,True
DB00517,,[Br-].CCCC(CCC)C(=O)O[C@H]1CC2CCC(C1)[N+]2(C)C,CCCC(CCC)C(=O)OC1CC2CCC(C1)[N+]2(C)C.[Br-],35,False,,
DB00518,,CCCSC1=CC2=C(C=C1)N=C(NC(=O)OC)N2,CCCSc1ccc2nc(NC(=O)OC)[nH]c2c1,27,False,,
DB00519,,[H][C@@]12C[C@H](N(C(=O)[C@H](C)N[C@@H](CCC3=CC=CC=C3)C(=O)OCC)[C@@]1([H])CCCC2)C(O)=O,CCOC(=O)[C@H](CCc1ccccc1)N[C@@H](C)C(=O)N1[C@H](C(=O)O)C[C@H]2CCCC[C@@H]21,63,False,,
DB00521,,CC(C)(C)NCC(O)COC1=CC=CC2=C1CCC(=O)N2,CC(C)(C)NCC(O)COc1cccc2c1CCC(=O)N2,28,False,,
DB00523,,C\C(\C=C\C1=C(C)CCCC1(C)C)=C\C=C\C(\C)=C\C(O)=O,CC1=C(/C=C/C(C)=C\C=C\C(C)=C\C(=O)O)C(C)(C)CCC1,41,False,,
DB00524,,CC1NC2=CC(Cl)=C(C=C2C(=O)N1C1=CC=CC=C1C)S(N)(=O)=O,Cc1ccccc1N1C(=O)c2cc(S(N)(=O)=O)c(Cl)cc2NC1C,41,False,,
DB00525,CHEMBL83668,CN(C(=S)OC1=CC2=CC=CC=C2C=C1)C1=CC=CC(C)=C1,Cc1cccc(N(C)C(=S)Oc2ccc3ccccc3c2)c1,36,False,5.697452627512514,False
DB00527,,CCCCOC1=NC2=CC=CC=C2C(=C1)C(=O)NCCN(CC)CC,CCCCOc1cc(C(=O)NCCN(CC)CC)c2ccccc2n1,28,False,,
DB00529,,OC(=O)P(O)(O)=O,O=C(O)P(=O)(O)O,13,False,,
DB00530,,COCCOC1=CC2=C(C=C1OCCOC)C(NC1=CC(=CC=C1)C#C)=NC=N2,C#Cc1cccc(Nc2ncnc3cc(OCCOC)c(OCCOC)cc23)c1,36,False,,
DB00531,CHEMBL88,ClCCN(CCCl)P1(=O)NCCCO1,O=P1(N(CCCl)CCCl)NCCCO1,14,False,7.045757490560675,False
DB00533,,CS(=O)(=O)C1=CC=C(C=C1)C1=C(C(=O)OC1)C1=CC=CC=C1,CS(=O)(=O)c1ccc(C2=C(c3ccccc3)C(=O)OC2)cc1,41,False,,
DB00536,,NC(N)=N,N=C(N)N,7,False,,
DB00537,,OC(=O)C1=CN(C2CC2)C2=CC(N3CCNCC3)=C(F)C=C2C1=O,O=C(O)c1cn(C2CC2)c2cc(N3CCNCC3)c(F)cc2c1=O,38,False,,
DB00539,,CN(C)CCOC1=CC=C(C=C1)C(=C(\CCCl)C1=CC=CC=C1)\C1=CC=CC=C1,CN(C)CCOc1ccc(/C(=C(/CCCl)c2ccccc2)c2ccccc2)cc1,43,False,,
DB00540,CHEMBL445,CNCCC=C1C2=CC=CC=C2CCC2=CC=CC=C12,CNCCC=C1c2ccccc2CCc2ccccc21,24,False,10.397940008672036,True
DB00542,,[H][C@@]1(CCC2=CC=CC=C2N(CC(O)=O)C1=O)N[C@@H](CCC1=CC=CC=C1)C(=O)OCC,CCOC(=O)[C@H](CCc1ccccc1)N[C@H]1CCc2ccccc2N(CC(=O)O)C1=O,52,False,,
DB00543,CHEMBL1113,ClC1=CC2=C(OC3=CC=CC=C3N=C2N2CCNCC2)C=C1,Clc1ccc2c(c1)C(N1CCNCC1)=Nc1ccccc1O2,32,False,8.80910828307783,True
DB00544,,FC1=CNC(=O)NC1=O,O=c1[nH]cc(F)c(=O)[nH]1,13,False,,
DB00545,,CN(C)C(=O)OC1=C[N+](C)=CC=C1,CN(C)C(=O)Oc1ccc[n+](C)c1,23,False,,
DB00546,,CN(C)CC1=NN=C2CN=C(C3=CC=CC=C3)C3=C(C=CC(Cl)=C3)N12,CN(C)Cc1nnc2n1-c1ccc(Cl)cc1C(c1ccccc1)=NC2,43,False,,
DB00547,,[H][C@@]12C[C@@H](C)[C@H](C(=O)CO)[C@@]1(C)C[C@H](O)[C@@]1(F)[C@@]2([H])CCC2=CC(=O)C=C[C@]12C,C[C@@H]1C[C@H]2[C@@H]3CCC4=CC(=O)C=C[C@]4(C)[C@@]3(F)[C@@H](O)C[C@]2(C)[C@H]1C(=O)CO,68,False,,
DB00548,,OC(=O)CCCCCCCC(O)=O,O=C(O)CCCCCCCC(=O)O,11,False,,
DB00550,CHEMBL1518,CCCC1=CC(=O)NC(=S)N1,CCCc1cc(=O)[nH]c(=S)[nH]1,15,False,5.55129368009492,False
DB00551,,CC(=O)NO,CC(=O)NO,7,False,,
DB00552,,OC[C@H]1O[C@H](C[C@@H]1O)N1C=NC2=C1N=CNC[C@H]2O,OC[C@H]1O[C@@H](n2cnc3c2N=CNC[C@H]3O)C[C@@H]1O,43,False,,
DB00553,,COC1=C2OC(=O)C=CC2=CC2=C1OC=C2,COc1c2occc2cc2ccc(=O)oc12,25,False,,
DB00554,,CN1C(C(=O)NC2=NC=CC=C2)=C(O)C2=C(C=CC=C2)S1(=O)=O,CN1C(C(=O)Nc2ccccn2)=C(O)c2ccccc2S1(=O)=O,42,False,,
DB00555,,NC1=NC(N)=C(N=N1)C1=C(Cl)C(Cl)=CC=C1,Nc1nnc(-c2cccc(Cl)c2Cl)c(N)n1,31,False,,
DB00556,,FC(F)(F)C(F)(F)C(F)(F)F,FC(F)(F)C(F)(F)C(F)(F)F,21,False,,
DB00557,,OCCOCCN1CCN(CC1)C(C1=CC=CC=C1)C1=CC=C(Cl)C=C1,OCCOCCN1CCN(C(c2ccccc2)c2ccc(Cl)cc2)CC1,35,False,,
DB00561,,CCN1CC(CCN2CCOCC2)C(C1=O)(C1=CC=CC=C1)C1=CC=CC=C1,CCN1CC(CCN2CCOCC2)C(c2ccccc2)(c2ccccc2)C1=O,37,False,,
DB00562,,NS(=O)(=O)C1=CC2=C(C=C1Cl)N=C(CSCC1=CC=CC=C1)NS2(=O)=O,NS(=O)(=O)c1cc2c(cc1Cl)N=C(CSCc1ccccc1)NS2(=O)=O,42,False,,
DB00564,CHEMBL108,NC(=O)N1C2=CC=CC=C2C=CC2=CC=CC=C12,NC(=O)N1c2ccccc2C=Cc2ccccc21,28,False,5.0,False
DB00566,,OC(=O)[C@@H](S)[C@@H](S)C(O)=O,O=C(O)[C@@H](S)[C@@H](S)C(=O)O,23,False,,
DB00567,,[H][C@]12SCC(C)=C(N1C(=O)[C@H]2NC(=O)[C@H](N)C1=CC=CC=C1)C(O)=O,CC1=C(C(=O)O)N2C(=O)[C@@H](NC(=O)[C@H](N)c3ccccc3)[C@H]2SC1,50,False,,
DB00568,,C(C=CC1=CC=CC=C1)N1CCN(CC1)C(C1=CC=CC=C1)C1=CC=CC=C1,C(=Cc1ccccc1)CN1CCN(C(c2ccccc2)c2ccccc2)CC1,44,False,,
DB00571,,CC(C)NCC(O)COC1=CC=CC2=C1C=CC=C2,CC(C)NCC(O)COc1cccc2ccccc12,26,False,,
DB00572,,CN1[C@H]2CC[C@@H]1C[C@@H](C2)OC(=O)C(CO)C1=CC=CC=C1,CN1[C@@H]2CC[C@H]1C[C@@H](OC(=O)C(CO)c1ccccc1)C2,43,False,,
DB00573,,CC(C(O)=O)C1=CC(OC2=CC=CC=C2)=CC=C1,CC(C(=O)O)c1cccc(Oc2ccccc2)c1,29,False,,
DB00574,,CCNC(C)CC1=CC=CC(=C1)C(F)(F)F,CCNC(C)Cc1cccc(C(F)(F)F)c1,23,False,,
DB00575,CHEMBL134,ClC1=CC=CC(Cl)=C1NC1=NCCN1,Clc1cccc(Cl)c1NC1=NCCN1,18,False,8.698970004336019,True
DB00576,,CC1=NN=C(NS(=O)(=O)C2=CC=C(N)C=C2)S1,Cc1nnc(NS(=O)(=O)c2ccc(N)cc2)s1,31,False,,
DB00578,,[H][C@]12SC(C)(C)[C@@H](N1C(=O)[C@H]2NC(=O)C(C(O)=O)C1=CC=CC=C1)C(O)=O,CC1(C)S[C@@H]2[C@H](NC(=O)C(C(=O)O)c3ccccc3)C(=O)N2[C@H]1C(=O)O,56,False,,
DB00579,CHEMBL781,OC1(N2CCN=C2C2=CC=CC=C12)C1=CC=C(Cl)C=C1,OC1(c2ccc(Cl)cc2)c2ccccc2C2=NCCN21,34,False,9.036212172654444,True
DB00580,,CC1=C(C(=NO1)C1=CC=CC=C1)C1=CC=C(C=C1)S(N)(=O)=O,Cc1onc(-c2ccccc2)c1-c1ccc(S(N)(=O)=O)cc1,41,False,,
DB00582,,C[C@@H](C1=NC=NC=C1F)[C@](O)(CN1C=NC=N1)C1=C(F)C=C(F)C=C1,C[C@@H](c1ncncc1F)[C@](O)(Cn1cncn1)c1ccc(F)cc1F,49,False,,
DB00583,,C[N+](C)(C)C[C@H](O)CC([O-])=O,C[N+](C)(C)C[C@H](O)CC(=O)[O-],23,False,,
DB00584,,CCOC(=O)[C@H](CCC1=CC=CC=C1)N[C@@H](C)C(=O)N1CCC[C@H]1C(O)=O,CCOC(=O)[C@H](CCc1ccccc1)N[C@@H](C)C(=O)N1CCC[C@H]1C(=O)O,46,False,,
DB00585,,CNC(NCCSCC1=CSC(CN(C)C)=N1)=C[N+]([O-])=O,CNC(=C[N+](=O)[O-])NCCSCc1csc(CN(C)C)n1,25,False,,
DB00586,,OC(=O)CC1=CC=CC=C1NC1=C(Cl)C=CC=C1Cl,O=C(O)Cc1ccccc1Nc1c(Cl)cccc1Cl,29,False,,
DB00587,,CCC(CC)(CC(=O)NC1=CC(\C=C\C2=NC(=CS2)C2CCC2)=CC=C1)C(O)=O,CCC(CC)(CC(=O)Nc1cccc(/C=C/c2nc(C3CCC3)cs2)c1)C(=O)O,42,False,,
DB00589,CHEMBL157138,[H][C@@]12CC3=CNC4=CC=CC(=C34)C1=C[C@@H](CN2C)NC(=O)N(CC)CC,CCN(CC)C(=O)N[C@H]1C=C2c3cccc4[nH]cc(c34)C[C@H]2N(C)C1,43,False,9.761953896871203,True
DB00590,,COC1=C(OC)C=C2C(N)=NC(=NC2=C1)N1CCN(CC1)C(=O)C1COC2=CC=CC=C2O1,COc1cc2nc(N3CCN(C(=O)C4COc5ccccc5O4)CC3)nc(N)c2cc1OC,49,False,,
DB00591,,[H][C@@]12C[C@@]3([H])[C@]4([H])C[C@H](F)C5=CC(=O)C=C[C@]5(C)[C@@]4(F)[C@@H](O)C[C@]3(C)[C@@]1(OC(C)(C)O2)C(=O)CO,CC1(C)O[C@@H]2C[C@H]3[C@@H]4C[C@H](F)C5=CC(=O)C=C[C@]5(C)[C@@]4(F)[C@@H](O)C[C@]3(C)[C@]2(C(=O)CO)O1,87,False,,
DB00592,CHEMBL1412,C1CNCCN1,C1CNCCN1,6,False,4.080921907623926,False
DB00593,,CCC1(C)CC(=O)NC1=O,CCC1(C)CC(=O)NC1=O,15,False,,
DB00596,,[H][C@@]12C[C@H](C)[C@](O)(C(=O)CCl)[C@@]1(C)C[C@H](O)[C@@]1(F)[C@@]2([H])C[C@H](F)C2=CC(=O)C=C[C@]12C,C[C@H]1C[C@H]2[C@@H]3C[C@H](F)C4=CC(=O)C=C[C@]4(C)[C@@]3(F)[C@@H](O)C[C@]2(C)[C@@]1(O)C(=O)CCl,76,False,,
DB00598,,CC(CCC1=CC=CC=C1)NCC(O)C1=CC(C(N)=O)=C(O)C=C1,CC(CCc1ccccc1)NCC(O)c1ccc(O)c(C(N)=O)c1,37,False,,
DB00599,,CCCC(C)C1(CC)C(=O)NC(=S)NC1=O,CCCC(C)C1(CC)C(=O)NC(=S)NC1=O,23,False,,
DB00600,CHEMBL1388,OC1=CC=C(OCC2=CC=CC=C2)C=C1,Oc1ccc(OCc2ccccc2)cc1,23,False,6.004891542255259,False
DB00601,,CC(=O)NC[C@H]1CN(C(=O)O1)C1=CC(F)=C(C=C1)N1CCOCC1,CC(=O)NC[C@H]1CN(c2ccc(N3CCOCC3)c(F)c2)C(=O)O1,40,False,,
DB00603,,[H][C@@]12CC[C@](OC(C)=O)(C(C)=O)[C@@]1(C)CC[C@@]1([H])[C@@]2([H])C[C@H](C)C2=CC(=O)CC[C@]12C,CC(=O)O[C@]1(C(C)=O)CC[C@H]2[C@@H]3C[C@H](C)C4=CC(=O)CC[C@]4(C)[C@H]3CC[C@@]21C,67,False,,
DB00604,,CO[C@H]1CN(CCCOC2=CC=C(F)C=C2)CC[C@H]1NC(=O)C1=CC(Cl)=C(N)C=C1OC,COc1cc(N)c(Cl)cc1C(=O)N[C@@H]1CCN(CCCOc2ccc(F)cc2)C[C@@H]1OC,52,False,,
DB00605,CHEMBL15770,CC1=C(CC(O)=O)C2=CC(F)=CC=C2\C1=C/C1=CC=C(C=C1)S(C)=O,CC1=C(CC(=O)O)c2cc(F)ccc2/C1=C\c1ccc(S(C)=O)cc1,47,False,6.533132379645891,False
DB00606,,NS(=O)(=O)C1=C(Cl)C=C2NC(NS(=O)(=O)C2=C1)C1CC2CC1C=C2,NS(=O)(=O)c1cc2c(cc1Cl)NC(C1CC3C=CC1C3)NS2(=O)=O,43,False,,
DB00607,,[H][C@]12SC(C)(C)[C@@H](N1C(=O)[C@H]2NC(=O)C1=C(OCC)C=CC2=CC=CC=C12)C(O)=O,CCOc1ccc2ccccc2c1C(=O)N[C@@H]1C(=O)N2[C@@H]1SC(C)(C)[C@@H]2C(=O)O,57,False,,
DB00608,,CCN(CC)CCCC(C)NC1=CC=NC2=CC(Cl)=CC=C12,CCN(CC)CCCC(C)Nc1ccnc2cc(Cl)ccc12,26,False,,
DB00609,CHEMBL1441,CCC1=NC=CC(=C1)C(N)=S,CCc1cc(C(N)=S)ccn1,17,False,5.3979400086720375,False
DB00610,,C[C@H](N)[C@H](O)C1=CC(O)=CC=C1,C[C@H](N)[C@H](O)c1cccc(O)c1,27,False,,
DB00611,,[H][C@@]12CC3=C(C=C(O)C=C3)[C@]3(CCCC[C@@]13O)CCN2CC1CCC1,Oc1ccc2c(c1)[C@@]13CCCC[C@@]1(O)[C@@H](C2)N(CC1CCC1)CC3,41,False,,
DB00612,,CC(C)NCC(O)COC1=CC=C(COCCOC(C)C)C=C1,CC(C)NCC(O)COc1ccc(COCCOC(C)C)cc1,27,False,,
DB00613,,CCN(CC)CC1=C(O)C=CC(NC2=C3C=CC(Cl)=CC3=NC=C2)=C1,CCN(CC)Cc1cc(Nc2ccnc3cc(Cl)ccc23)ccc1O,38,False,,
DB00614,,[H]C(=NN1CCOC1=O)C1=CC=C(O1)[N+]([O-])=O,O=C1OCCN1N=Cc1ccc([N+](=O)[O-])o1,29,False,,
DB00617,,CCC1(C)OC(=O)N(C)C1=O,CCC1(C)OC(=O)N(C)C1=O,19,False,,
DB00619,CHEMBL941,CN1CCN(CC2=CC=C(C=C2)C(=O)NC2=CC(NC3=NC=CC(=N3)C3=CN=CC=C3)=C(C)C=C2)CC1,Cc1ccc(NC(=O)c2ccc(CN3CCN(C)CC3)cc2)cc1Nc1nccc(-c2cccnc2)n1,58,False,10.221848749616356,True
DB00620,,[H][C@@]12C[C@@H](O)[C@](O)(C(=O)CO)[C@@]1(C)C[C@H](O)[C@@]1(F)[C@@]2([H])CCC2=CC(=O)C=C[C@]12C,C[C@]12C=CC(=O)C=C1CC[C@H]1[C@@H]3C[C@@H](O)[C@](O)(C(=O)CO)[C@@]3(C)C[C@H](O)[C@@]12F,68,False,,
DB00621,,[H][C@@]12CC[C@](C)(O)[C@@]1(C)CC[C@@]1([H])[C@@]2([H])CC[C@@]2([H])CC(=O)OC[C@]12C,C[C@]12COC(=O)C[C@@H]1CC[C@@H]1[C@@H]2CC[C@@]2(C)[C@H]1CC[C@]2(C)O,57,False,,
DB00622,,COC(=O)C1=C(C)NC(C)=C(C1C1=CC(=CC=C1)[N+]([O-])=O)C(=O)OCCN(C)CC1=CC=CC=C1,COC(=O)C1=C(C)NC(C)=C(C(=O)OCCN(C)Cc2ccccc2)C1c1cccc([N+](=O)[O-])c1,54,False,,
DB00623,,OCCN1CCN(CCCN2C3=CC=CC=C3SC3=C2C=C(C=C3)C(F)(F)F)CC1,OCCN1CCN(CCCN2c3ccccc3Sc3ccc(C(F)(F)F)cc32)CC1,41,False,,
DB00624,,[H][C@@]12CC[C@H](O)[C@@]1(C)CC[C@@]1([H])[C@@]2([H])CCC2=CC(=O)CC[C@]12C,C[C@]12CC[C@H]3[C@@H](CCC4=CC(=O)CC[C@@]43C)[C@@H]1CC[C@@H]2O,51,False,,
DB00625,,FC(F)(F)[C@]1(OC(=O)NC2=C1C=C(Cl)C=C2)C#CC1CC1,O=C1Nc2ccc(Cl)cc2[C@@](C#CC2CC2)(C(F)(F)F)O1,38,False,,
DB00627,,OC(=O)C1=CN=CC=C1,O=C(O)c1cccnc1,15,False,,
DB00628,,OC(=O)C1N=C(C2=CC=CC=C2)C2=C(NC1=O)C=CC(Cl)=C2,O=C(O)C1N=C(c2ccccc2)c2cc(Cl)ccc2NC1=O,40,False,,
DB00631,,[H][C@]1(F)[C@H](O)[C@@H](CO)O[C@H]1N1C=NC2=C(N)N=C(Cl)N=C12,Nc1nc(Cl)nc2c1ncn2[C@@H]1O[C@H](CO)[C@@H](O)[C@@H]1F,51,False,,
DB00632,,CCCCCCCCCCCCCCCCCCCCCCO,CCCCCCCCCCCCCCCCCCCCCCO,5,False,,
DB00633,,C[C@H](C1=CNC=N1)C1=C(C)C(C)=CC=C1,Cc1cccc([C@H](C)c2c[nH]cn2)c1C,31,False,,
DB00634,,CC(=O)NS(=O)(=O)C1=CC=C(N)C=C1,CC(=O)NS(=O)(=O)c1ccc(N)cc1,25,False,,
DB00635,,[H][C@@]12CC[C@](O)(C(=O)CO)[C@@]1(C)CC(=O)[C@@]1([H])[C@@]2([H])CCC2=CC(=O)C=C[C@]12C,C[C@]12C=CC(=O)C=C1CC[C@@H]1[C@@H]2C(=O)C[C@@]2(C)[C@H]1CC[C@]2(O)C(=O)CO,59,False,,
DB00636,,CCOC(=O)C(C)(C)OC1=CC=C(Cl)C=C1,CCOC(=O)C(C)(C)Oc1ccc(Cl)cc1,25,False,,
DB00637,,COC1=CC=C(CCN2CCC(CC2)NC2=NC3=CC=CC=C3N2CC2=CC=C(F)C=C2)C=C1,COc1ccc(CCN2CCC(Nc3nc4ccccc4n3Cc3ccc(F)cc3)CC2)cc1,48,False,,
DB00639,,ClC1=CC=C(CCC(CN2C=CN=C2)SC2=C(Cl)C=CC=C2Cl)C=C1,Clc1ccc(CCC(Cn2ccnc2)Sc2c(Cl)cccc2Cl)cc1,39,False,,
DB00640,,NC1=C2N=CN([C@@H]3O[C@H](CO)[C@@H](O)[C@H]3O)C2=NC=N1,Nc1ncnc2c1ncn2[C@@H]1O[C@H](CO)[C@@H](O)[C@H]1O,44,False,,
DB00641,,[H][C@]12[C@H](C[C@@H](C)C=C1C=C[C@H](C)[C@@H]2CC[C@@H]1C[C@@H](O)CC(=O)O1)OC(=O)C(C)(C)CC,CCC(C)(C)C(=O)O[C@H]1C[C@@H](C)C=C2C=C[C@H](C)[C@H](CC[C@@H]3C[C@@H](O)CC(=O)O3)[C@H]21,73,False,,
DB00643,,COC(=O)NC1=NC2=C(N1)C=C(C=C2)C(=O)C1=CC=CC=C1,COC(=O)Nc1nc2ccc(C(=O)c3ccccc3)cc2[nH]1,39,False,,
DB00645,,CCCCOC1=CC=C(C=C1)C(=O)CCN1CCCCC1,CCCCOc1ccc(C(=O)CCN2CCCCC2)cc1,22,False,,
DB00647,,CCC(=O)O[C@@](CC1=CC=CC=C1)([C@H](C)CN(C)C)C1=CC=CC=C1,CCC(=O)O[C@](Cc1ccccc1)(c1ccccc1)[C@H](C)CN(C)C,41,False,,
DB00648,CHEMBL1670,ClC(Cl)C(C1=CC=C(Cl)C=C1)C1=CC=CC=C1Cl,Clc1ccc(C(c2ccccc2Cl)C(Cl)Cl)cc1,32,False,6.086716098239582,False
DB00649,,CC1=CN([C@@H]2O[C@H](CO)C=C2)C(=O)NC1=O,Cc1cn([C@H]2C=C[C@@H](CO)O2)c(=O)[nH]c1=O,33,False,,
DB00651,,CN1C2=C(N(CC(O)CO)C=N2)C(=O)N(C)C1=O,Cn1c(=O)c2c(ncn2CC(O)CO)n(C)c1=O,34,False,,
DB00652,,C[C@H]1[C@H]2CC3=CC=C(O)C=C3[C@]1(C)CCN2CC=C(C)C,CC(C)=CCN1CC[C@@]2(C)c3cc(O)ccc3C[C@@H]1[C@@H]2C,44,False,,
DB00653,,[Mg++].[O-]S([O-])(=O)=O,O=S(=O)([O-])[O-].[Mg+2],19,False,,
DB00654,,CC(C)OC(=O)CCC\C=C/C[C@H]1[C@@H](O)C[C@@H](O)[C@@H]1CC[C@@H](O)CCC1=CC=CC=C1,CC(C)OC(=O)CCC/C=C\C[C@@H]1[C@@H](CC[C@@H](O)CCc2ccccc2)[C@H](O)C[C@@H]1O,60,False,,
DB00655,,[H][C@@]12CCC(=O)[C@@]1(C)CC[C@]1([H])C3=C(CC[C@@]21[H])C=C(O)C=C3,C[C@]12CC[C@@H]3c4ccc(O)cc4CC[C@H]3[C@@H]1CCC2=O,51,False,,
DB00656,,ClC1=CC=CC(=C1)N1CCN(CCCN2N=C3C=CC=CN3C2=O)CC1,O=c1n(CCCN2CCN(c3cccc(Cl)c3)CC2)nc2ccccn12,35,False,,
DB00657,CHEMBL267936,CNC1(C)C2CCC(C2)C1(C)C,CNC1(C)C2CCC(C2)C1(C)C,20,False,7.0,False
DB00658,,NCC=C.ClCC1CO1,C=CCN.ClCC1CO1,10,False,,
DB00659,,CC(=O)NCCCS(O)(=O)=O,CC(=O)NCCCS(=O)(=O)O,13,False,,
DB00660,,CC1=CC(OCC2CNC(=O)O2)=CC(C)=C1,Cc1cc(C)cc(OCC2CNC(=O)O2)c1,22,False,,
DB00661,,COC1=C(OC)C=C(CCN(C)CCCC(C#N)(C(C)C)C2=CC(OC)=C(OC)C=C2)C=C1,COc1ccc(CCN(C)CCCC(C#N)(c2ccc(OC)c(OC)c2)C(C)C)cc1OC,49,False,,
DB00662,,COC1=CC(=CC(OC)=C1OC)C(=O)NCC1=CC=C(OCCN(C)C)C=C1,COc1cc(C(=O)NCc2ccc(OCCN(C)C)cc2)cc(OC)c1OC,36,False,,
DB00663,,[H][C@@]12C[C@@H](C)[C@](O)(C(=O)CO)[C@@]1(C)C[C@H](O)[C@@]1(F)[C@@]2([H])C[C@H](F)C2=CC(=O)C=C[C@]12C,C[C@@H]1C[C@H]2[C@@H]3C[C@H](F)C4=CC(=O)C=C[C@]4(C)[C@@]3(F)[C@@H](O)C[C@]2(C)[C@@]1(O)C(=O)CO,76,False,,
DB00664,,COC1=NC=CN=C1NS(=O)(=O)C1=CC=C(N)C=C1,COc1nccnc1NS(=O)(=O)c1ccc(N)cc1,30,False,,
DB00665,CHEMBL1274,CC1(C)NC(=O)N(C1=O)C1=CC(=C(C=C1)[N+]([O-])=O)C(F)(F)F,CC1(C)NC(=O)N(c2ccc([N+](=O)[O-])c(C(F)(F)F)c2)C1=O,43,False,8.045757490560675,False
DB00668,,CNC[C@H](O)C1=CC(O)=C(O)C=C1,CNC[C@H](O)c1ccc(O)c(O)c1,25,False,,
DB00669,,CNS(=O)(=O)CC1=CC=C2NC=C(CCN(C)C)C2=C1,CNS(=O)(=O)Cc1ccc2[nH]cc(CCN(C)C)c2c1,30,False,,
DB00670,,CN1CCN(CC(=O)N2C3=CC=CC=C3C(=O)NC3=C2N=CC=C3)CC1,CN1CCN(CC(=O)N2c3ccccc3C(=O)Nc3cccnc32)CC1,39,False,,
DB00672,,CCCNC(=O)NS(=O)(=O)C1=CC=C(Cl)C=C1,CCCNC(=O)NS(=O)(=O)c1ccc(Cl)cc1,25,False,,
DB00674,,[H][C@]12C[C@@H](O)C=C[C@]11CCN(C)CC3=C1C(O2)=C(OC)C=C3,COc1ccc2c3c1O[C@H]1C[C@@H](O)C=C[C@@]31CCN(C)C2,46,False,,
DB00675,,CC\C(=C(/C1=CC=CC=C1)C1=CC=C(OCCN(C)C)C=C1)C1=CC=CC=C1,CC/C(=C(\c1ccccc1)c1ccc(OCCN(C)C)cc1)c1ccccc1,45,False,,
DB00676,,O=C(OCC1=CC=CC=C1)C1=CC=CC=C1,O=C(OCc1ccccc1)c1ccccc1,25,False,,
DB00677,CHEMBL1025,CC(C)OP(F)(=O)OC(C)C,CC(C)OP(=O)(F)OC(C)C,17,False,7.301029995663981,False
DB00678,CHEMBL191,CCCCC1=NC(Cl)=C(CO)N1CC1=CC=C(C=C1)C1=CC=CC=C1C1=NNN=N1,CCCCc1nc(Cl)c(CO)n1Cc1ccc(-c2ccccc2-c2nn[nH]n2)cc1,43,False,9.481486060122112,True
DB00679,,CSC1=CC2=C(SC3=CC=CC=C3N2CCC2CCCCN2C)C=C1,CSc1ccc2c(c1)N(CCC1CCCCN1C)c1ccccc1S2,31,False,,
DB00680,,CCOC(=O)NC1=CC2=C(SC3=CC=CC=C3N2C(=O)CCN2CCOCC2)C=C1,CCOC(=O)Nc1ccc2c(c1)N(C(=O)CCN1CCOCC1)c1ccccc1S2,38,False,,
DB00682,,CC(=O)CC(C1=CC=CC=C1)C1=C(O)C2=C(OC1=O)C=CC=C2,CC(=O)CC(c1ccccc1)c1c(O)c2ccccc2oc1=O,41,False,,
DB00683,,CC1=NC=C2CN=C(C3=CC=CC=C3F)C3=C(C=CC(Cl)=C3)N12,Cc1ncc2n1-c1ccc(Cl)cc1C(c1ccccc1F)=NC2,40,False,,
DB00685,,[H][C@@]12CN(C[C@]1([H])[C@H]2N)C1=NC2=C(C=C1F)C(=O)C(=CN2C1=C(F)C=C(F)C=C1)C(O)=O,N[C@@H]1[C@H]2CN(c3nc4c(cc3F)c(=O)c(C(=O)O)cn4-c3ccc(F)cc3F)C[C@@H]12,71,False,,
DB00687,,[H][C@@]12CC[C@](O)(C(=O)CO)[C@@]1(C)C[C@H](O)[C@@]1(F)[C@@]2([H])CCC2=CC(=O)CC[C@]12C,C[C@]12CCC(=O)C=C1CC[C@H]1[C@@H]3CC[C@](O)(C(=O)CO)[C@@]3(C)C[C@H](O)[C@@]12F,60,False,,
DB00688,,COC1=C(C\C=C(/C)CCC(=O)OCCN2CCOCC2)C(O)=C2C(=O)OCC2=C1C,COc1c(C)c2c(c(O)c1C/C=C(\C)CCC(=O)OCCN1CCOCC1)C(=O)OC2,40,False,,
DB00689,,[H][C@]12SCC(COC(C)=O)=C(N1C(=O)[C@H]2NC(=O)[C@H](N)C1=CC=CC=C1)C(O)=O,CC(=O)OCC1=C(C(=O)O)N2C(=O)[C@@H](NC(=O)[C@H](N)c3ccccc3)[C@H]2SC1,54,False,,
DB00690,,CCN(CC)CCN1C2=C(C=C(Cl)C=C2)C(=NCC1=O)C1=CC=CC=C1F,CCN(CC)CCN1C(=O)CN=C(c2ccccc2F)c2cc(Cl)ccc21,41,False,,
DB00691,,CCOC(=O)[C@H](CCC1=CC=CC=C1)N[C@@H](C)C(=O)N1CC2=CC(OC)=C(OC)C=C2C[C@H]1C(O)=O,CCOC(=O)[C@H](CCc1ccccc1)N[C@@H](C)C(=O)N1Cc2cc(OC)c(OC)cc2C[C@H]1C(=O)O,61,False,,
DB00692,CHEMBL597,CC1=CC=C(C=C1)N(CC1=NCCN1)C1=CC(O)=CC=C1,Cc1ccc(N(CC2=NCCN2)c2cccc(O)c2)cc1,33,False,8.958607314841775,True
DB00693,,OC1=CC=C2C(OC3=CC(O)=CC=C3C22OC(=O)C3=C2C=CC=C3)=C1,O=C1OC2(c3ccc(O)cc3Oc3cc(O)ccc32)c2ccccc21,43,False,,
DB00695,,NS(=O)(=O)C1=C(Cl)C=C(NCC2=CC=CO2)C(=C1)C(O)=O,NS(=O)(=O)c1cc(C(=O)O)c(NCc2ccco2)cc1Cl,37,False,,
DB00697,,ClC1=C(NC2=NCCN2)C2=NSN=C2C=C1,Clc1ccc2nsnc2c1NC1=NCCN1,25,False,,
DB00698,,[O-][N+](=O)C1=CC=C(O1)\C=N\N1CC(=O)NC1=O,O=C1CN(/N=C/c2ccc([N+](=O)[O-])o2)C(=O)N1,33,False,,
DB00699,,[H][C@@]12CC3=CN(C)C4=CC=CC(=C34)[C@]1(C[C@@H](COC(=O)C1=CN=CC(Br)=C1)CN2C)OC,CO[C@]12C[C@@H](COC(=O)c3cncc(Br)c3)CN(C)[C@@H]1Cc1cn(C)c3cccc2c13,56,False,,
DB00700,CHEMBL1095097,[H][C@@]12CC[C@@]3(CCC(=O)O3)[C@@]1(C)C[C@H]1O[C@@]11[C@@]2([H])[C@@H](CC2=CC(=O)CC[C@]12C)C(=O)OC,COC(=O)[C@@H]1CC2=CC(=O)CC[C@]2(C)[C@@]23O[C@@H]2C[C@@]2(C)[C@@H](CC[C@@]24CCC(=O)O4)[C@H]13,71,False,7.400007822415902,False
DB00703,,CN1N=C(SC1=NC(C)=O)S(N)(=O)=O,CC(=O)N=c1sc(S(N)(=O)=O)nn1C,24,False,,
DB00704,,[H][C@@]12OC3=C(O)C=CC4=C3[C@@]11CCN(CC3CC3)[C@]([H])(C4)[C@]1(O)CCC2=O,O=C1CC[C@@]2(O)[C@H]3Cc4ccc(O)c5c4[C@@]2(CCN3CC2CC2)[C@H]1O5,52,False,,
DB00705,,CC(C)NC1=C(N=CC=C1)N1CCN(CC1)C(=O)C1=CC2=C(N1)C=CC(NS(C)(=O)=O)=C2,CC(C)Nc1cccnc1N1CCN(C(=O)c2cc3cc(NS(C)(=O)=O)ccc3[nH]2)CC1,54,False,,
DB00706,,CCOC1=CC=CC=C1OCCN[C@H](C)CC1=CC(=C(OC)C=C1)S(N)(=O)=O,CCOc1ccccc1OCCN[C@H](C)Cc1ccc(OC)c(S(N)(=O)=O)c1,40,False,,
DB00708,CHEMBL658,CCC(=O)N(C1=CC=CC=C1)C1(COC)CCN(CCC2=CC=CS2)CC1,CCC(=O)N(c1ccccc1)C1(COC)CCN(CCc2cccs2)CC1,35,False,9.397940008672036,True
DB00709,,NC1=NC(=O)N(C=C1)[C@@H]1CS[C@H](CO)O1,Nc1ccn([C@@H]2CS[C@H](CO)O2)c(=O)n1,31,False,,
DB00710,,CCCCCN(C)CCC(O)(P(O)(O)=O)P(O)(O)=O,CCCCCN(C)CCC(O)(P(=O)(O)O)P(=O)(O)O,25,False,,
DB00711,,CCN(CC)C(=O)N1CCN(C)CC1,CCN(CC)C(=O)N1CCN(C)CC1,18,False,,
DB00712,,CC(C(O)=O)C1=CC(F)=C(C=C1)C1=CC=CC=C1,CC(C(=O)O)c1ccc(-c2ccccc2)c(F)c1,33,False,,
DB00713,,[H][C@]12SC(C)(C)[C@@H](N1C(=O)[C@H]2NC(=O)C1=C(C)ON=C1C1=CC=CC=C1)C(O)=O,Cc1onc(-c2ccccc2)c1C(=O)N[C@@H]1C(=O)N2[C@@H]1SC(C)(C)[C@@H]2C(=O)O,59,False,,
DB00714,,[H][C@]12CC3=C(C(O)=C(O)C=C3)C3=CC=CC(CCN1C)=C23,CN1CCc2cccc3c2[C@H]1Cc1ccc(O)c(O)c1-3,39,False,,
DB00715,CHEMBL490,FC1=CC=C(C=C1)[C@@H]1CCNC[C@H]1COC1=CC2=C(OCO2)C=C1,Fc1ccc([C@@H]2CCNC[C@H]2COc2ccc3c(c2)OCO3)cc1,41,False,10.096910013008056,True
DB00716,,CCCC1=C2N(CC)C(=CC(=O)C2=CC2=C1OC(=CC2=O)C(O)=O)C(O)=O,CCCc1c2oc(C(=O)O)cc(=O)c2cc2c(=O)cc(C(=O)O)n(CC)c12,43,False,,
DB00717,,[H][C@@]12CC[C@@](O)(C#C)[C@@]1(C)CC[C@]1([H])[C@@]3([H])CCC(=O)C=C3CC[C@@]21[H],C#C[C@]1(O)CC[C@H]2[C@@H]3CCC4=CC(=O)CC[C@@H]4[C@H]3CC[C@@]21C,56,False,,
DB00719,,CN1CCC(CC1)=C1C2=CC=CC=C2CCC2=C1N=CC=C2,CN1CCC(=C2c3ccccc3CCc3cccnc32)CC1,31,False,,
DB00720,,OP(O)(=O)C(Cl)(Cl)P(O)(O)=O,O=P(O)(O)C(Cl)(Cl)P(=O)(O)O,21,False,,
DB00721,,CCN(CC)CCOC(=O)C1=CC=C(N)C=C1,CCN(CC)CCOC(=O)c1ccc(N)cc1,23,False,,
DB00722,,NCCCC[C@H](N[C@@H](CCC1=CC=CC=C1)C(O)=O)C(=O)N1CCC[C@H]1C(O)=O,NCCCC[C@H](N[C@@H](CCc1ccccc1)C(=O)O)C(=O)N1CCC[C@H]1C(=O)O,48,False,,
DB00723,,COC1=CC(C(O)C(C)N)=C(OC)C=C1,COc1ccc(OC)c(C(O)C(C)N)c1,25,False,,
DB00724,,CC(C)CN1C=NC2=C1C1=C(C=CC=C1)N=C2N,CC(C)Cn1cnc2c(N)nc3ccccc3c21,32,False,,
DB00725,,[Br-].C[N+]1(C)C2CCC1CC(C2)OC(=O)C(O)C1=CC=CC=C1,C[N+]1(C)C2CCC1CC(OC(=O)C(O)c1ccccc1)C2.[Br-],40,False,,
DB00726,,CC(CN(C)C)CN1C2=CC=CC=C2CCC2=CC=CC=C12,CC(CN(C)C)CN1c2ccccc2CCc2ccccc21,30,False,,
DB00730,,N1C2=CC=CC=C2N=C1C1=CSC=N1,c1ccc2[nH]c(-c3cscn3)nc2c1,24,False,,
DB00731,CHEMBL783,CC(C)[C@H]1CC[C@@H](CC1)C(=O)N[C@H](CC1=CC=CC=C1)C(O)=O,CC(C)[C@H]1CC[C@H](C(=O)N[C@H](Cc2ccccc2)C(=O)O)CC1,45,False,6.599531088782512,False
DB00733,,C[N+]1=C(\C=N\O)C=CC=C1,C[n+]1ccccc1/C=N/O,22,False,,
DB00734,CHEMBL85,CC1=C(CCN2CCC(CC2)C2=NOC3=C2C=CC(F)=C3)C(=O)N2CCCCC2=N1,Cc1nc2n(c(=O)c1CCN1CCC(c3noc4cc(F)ccc34)CC1)CCCC2,42,False,9.460923901207224,True
DB00735,CHEMBL626,CN(CC=CC1=CC=CC=C1)CC1=CC=CC2=CC=CC=C12,CN(CC=Cc1ccccc1)Cc1cccc2ccccc12,30,False,6.546681659952962,False
DB00736,,COC1=CC2=C(NC(=N2)[S@@](=O)CC2=NC=C(C)C(OC)=C2C)C=C1,COc1ccc2[nH]c([S@@](=O)Cc3ncc(C)c(OC)c3C)nc2c1,40,False,,
DB00737,,CC1=CC(CN2CCN(CC2)C(C2=CC=CC=C2)C2=CC=C(Cl)C=C2)=CC=C1,Cc1cccc(CN2CCN(C(c3ccccc3)c3ccc(Cl)cc3)CC2)c1,44,False,,
DB00738,,NC(=N)C1=CC=C(OCCCCCOC2=CC=C(C=C2)C(N)=N)C=C1,N=C(N)c1ccc(OCCCCCOc2ccc(C(=N)N)cc2)cc1,36,False,,
DB00739,,[H][C@]12SC(C)(C)[C@@H](N1C(=O)[C@H]2N1C(=O)[C@H](NC1(C)C)C1=CC=CC=C1)C(O)=O,CC1(C)S[C@@H]2[C@H](N3C(=O)[C@@H](c4ccccc4)NC3(C)C)C(=O)N2[C@H]1C(=O)O,61,False,,
DB00740,,NC1=NC2=C(S1)C=C(OC(F)(F)F)C=C2,Nc1nc2ccc(OC(F)(F)F)cc2s1,29,False,,
DB00741,,[H][C@@]12CC[C@](O)(C(=O)CO)[C@@]1(C)C[C@H](O)[C@@]1([H])[C@@]2([H])CCC2=CC(=O)CC[C@]12C,C[C@]12CCC(=O)C=C1CC[C@@H]1[C@@H]2[C@@H](O)C[C@@]2(C)[C@H]1CC[C@]2(O)C(=O)CO,61,False,,
DB00742,,OC[C@@H](O)[C@@H](O)[C@H](O)[C@H](O)CO,OC[C@@H](O)[C@@H](O)[C@H](O)[C@H](O)CO,29,False,,
DB00744,,CC(N(O)C(N)=O)C1=CC2=CC=CC=C2S1,CC(c1cc2ccccc2s1)N(O)C(N)=O,28,False,,
DB00745,CHEMBL1373,NC(=O)CS(=O)C(C1=CC=CC=C1)C1=CC=CC=C1,NC(=O)CS(=O)C(c1ccccc1)c1ccccc1,31,False,5.737074530668169,False
DB00747,,CN1[C@H]2C[C@@H](C[C@@H]1[C@H]1O[C@@H]21)OC(=O)[C@H](CO)C1=CC=CC=C1,CN1[C@@H]2C[C@@H](OC(=O)[C@H](CO)c3ccccc3)C[C@H]1[C@@H]1O[C@@H]12,56,False,,
DB00748,,CN(C)CCOC(C1=CC=C(Cl)C=C1)C1=CC=CC=N1,CN(C)CCOC(c1ccc(Cl)cc1)c1ccccn1,31,False,,
DB00749,CHEMBL622,CCC1=C2NC3=C(CCOC3(CC)CC(O)=O)C2=CC=C1,CCc1cccc2c3c([nH]c12)C(CC)(CC(=O)O)OCC3,30,False,8.0268721464003,False
DB00750,,CCCNC(C)C(=O)NC1=CC=CC=C1C,CCCNC(C)C(=O)Nc1ccccc1C,20,False,,
DB00751,,NC1=NCC2N1C1=CC=CC=C1CC1=CC=CC=C21,NC1=NCC2c3ccccc3Cc3ccccc3N12,27,False,,
DB00752,CHEMBL313833,NC1CC1C1=CC=CC=C1,NC1CC1c1ccccc1,15,False,5.530177984021837,False
DB00753,,FC(F)OC(Cl)C(F)(F)F,FC(F)OC(Cl)C(F)(F)F,17,False,,
DB00754,,CCN1C(=O)NC(C1=O)C1=CC=CC=C1,CCN1C(=O)NC(c2ccccc2)C1=O,24,False,,
DB00755,,C\C(\C=C\C1=C(C)CCCC1(C)C)=C/C=C/C(/C)=C/C(O)=O,CC1=C(/C=C/C(C)=C/C=C/C(C)=C/C(=O)O)C(C)(C)CCC1,41,False,,
DB00756,,OC1=C(CC2=C(O)C(Cl)=CC(Cl)=C2Cl)C(Cl)=C(Cl)C=C1Cl,Oc1c(Cl)cc(Cl)c(Cl)c1Cc1c(O)c(Cl)cc(Cl)c1Cl,39,False,,
DB00757,CHEMBL2368925,[H][C@@]1(C[C@@]2([H])C[C@]3([H])C[C@@]([H])(C1)N2CC3=O)OC(=O)C1=CNC2=C1C=CC=C2,O=C(O[C@@H]1C[C@@H]2C[C@H]3C[C@H](C1)N2CC3=O)c1c[nH]c2ccccc12,62,False,5.22548303427145,False
DB00758,CHEMBL1771,[H][C@@](N1CCC2=C(C1)C=CS2)(C(=O)OC)C1=CC=CC=C1Cl,COC(=O)[C@H](c1ccccc1Cl)N1CCc2sccc2C1,38,False,7.301029995663981,False
DB00760,,[H][C@]1([C@@H](C)O)C(=O)N2C(C(O)=O)=C(S[C@@H]3CN[C@@H](C3)C(=O)N(C)C)[C@H](C)[C@]12[H],C[C@@H](O)[C@H]1C(=O)N2C(C(=O)O)=C(S[C@@H]3CN[C@H](C(=O)N(C)C)C3)[C@H](C)[C@H]12,71,False,,
DB00763,CHEMBL1515,CN1C=CNC1=S,Cn1cc[nH]c1=S,10,False,5.251811972993799,False
DB00764,,[H][C@@]12C[C@@H](C)[C@](O)(C(=O)CCl)[C@@]1(C)C[C@H](O)[C@@]1(Cl)[C@@]2([H])CCC2=CC(=O)C=C[C@]12C,C[C@@H]1C[C@H]2[C@@H]3CCC4=CC(=O)C=C[C@]4(C)[C@@]3(Cl)[C@@H](O)C[C@]2(C)[C@@]1(O)C(=O)CCl,68,False,,
DB00765,,C[C@](N)(CC1=CC=C(O)C=C1)C(O)=O,C[C@](N)(Cc1ccc(O)cc1)C(=O)O,27,False,,
DB00766,,[H][C@@]12CC(=O)N1[C@@H](C(O)=O)\C(O2)=C\CO,O=C(O)[C@H]1/C(=C/CO)O[C@@H]2CC(=O)N21,33,False,,
DB00768,,CN(C)CC\C=C1\C2=CC=CC=C2COC2=C1C=C(CC(O)=O)C=C2,CN(C)CC/C=C1/c2ccccc2COc2ccc(CC(=O)O)cc21,41,False,,
DB00769,,[H][C@@]12CC[C@](O)(C(=O)COC(=O)CN(CC)CC)[C@@]1(C)C[C@H](O)[C@@]1([H])[C@@]2([H])CCC2=CC(=O)CC[C@]12C,CCN(CC)CC(=O)OCC(=O)[C@@]1(O)CC[C@H]2[C@@H]3CCC4=CC(=O)CC[C@]4(C)[C@H]3[C@@H](O)C[C@@]21C,69,False,,
DB00770,,CCCCC[C@H](O)\C=C\[C@H]1[C@H](O)CC(=O)[C@@H]1CCCCCCC(O)=O,CCCCC[C@H](O)/C=C/[C@H]1[C@H](O)CC(=O)[C@@H]1CCCCCCC(=O)O,40,False,,
DB00771,,C[N@@+]12CC[C@@H](CC1)C(C2)OC(=O)C(O)(C1=CC=CC=C1)C1=CC=CC=C1,C[N@+]12CC[C@H](CC1)C(OC(=O)C(O)(c1ccccc1)c1ccccc1)C2,49,False,,
DB00772,,CCOC(=O)CC(SP(=S)(OC)OC)C(=O)OCC,CCOC(=O)CC(SP(=S)(OC)OC)C(=O)OCC,22,False,,
DB00774,,NS(=O)(=O)C1=CC2=C(NCNS2(=O)=O)C=C1C(F)(F)F,NS(=O)(=O)c1cc2c(cc1C(F)(F)F)NCNS2(=O)=O,35,False,,
DB00775,,CCCCS(=O)(=O)N[C@@H](CC1=CC=C(OCCCCC2CCNCC2)C=C1)C(O)=O,CCCCS(=O)(=O)N[C@@H](Cc1ccc(OCCCCC2CCNCC2)cc1)C(=O)O,36,False,,
DB00776,,NC(=O)N1C2=CC=CC=C2CC(=O)C2=C1C=CC=C2,NC(=O)N1c2ccccc2CC(=O)c2ccccc21,32,False,,
DB00777,,CCC(=O)C1=CC2=C(SC3=CC=CC=C3N2CC(C)N(C)C)C=C1,CCC(=O)c1ccc2c(c1)N(CC(C)N(C)C)c1ccccc1S2,39,False,,
DB00779,,CCN1C=C(C(O)=O)C(=O)C2=C1N=C(C)C=C2,CCn1cc(C(=O)O)c(=O)c2ccc(C)nc21,33,False,,
DB00780,,NNCCC1=CC=CC=C1,NNCCc1ccccc1,12,False,,
DB00782,,CC(C)[N+](C)(CCOC(=O)C1C2=CC=CC=C2OC2=CC=CC=C12)C(C)C,CC(C)[N+](C)(CCOC(=O)C1c2ccccc2Oc2ccccc21)C(C)C,40,False,,
DB00783,,[H][C@@]12CC[C@H](O)[C@@]1(C)CC[C@]1([H])C3=C(CC[C@@]21[H])C=C(O)C=C3,C[C@]12CC[C@@H]3c4ccc(O)cc4CC[C@H]3[C@@H]1CC[C@@H]2O,55,False,,
DB00784,,CC1=C(C)C(NC2=CC=CC=C2C(O)=O)=CC=C1,Cc1cccc(Nc2ccccc2C(=O)O)c1C,30,False,,
DB00786,CHEMBL279785,CNC(=O)[C@@H](NC(=O)[C@H](CC(C)C)[C@H](O)C(=O)NO)C(C)(C)C,CNC(=O)[C@@H](NC(=O)[C@H](CC(C)C)[C@H](O)C(=O)NO)C(C)(C)C,43,False,9.387216143280265,True
DB00787,,NC1=NC(=O)C2=C(N1)N(COCCO)C=N2,Nc1nc(=O)c2ncn(COCCO)c2[nH]1,25,False,,
DB00788,,COC1=CC2=C(C=C1)C=C(C=C2)[C@H](C)C(O)=O,COc1ccc2cc([C@H](C)C(=O)O)ccc2c1,35,False,,
DB00790,,[H][C@]12C[C@H](N(C(=O)[C@H](C)N[C@@H](CCC)C(=O)OCC)[C@@]1([H])CCCC2)C(O)=O,CCC[C@H](N[C@@H](C)C(=O)N1[C@H](C(=O)O)C[C@@H]2CCCC[C@@H]21)C(=O)OCC,55,False,,
DB00791,,ClCCN(CCCl)C1=CNC(=O)NC1=O,O=c1[nH]cc(N(CCCl)CCCl)c(=O)[nH]1,18,False,,
DB00792,,CN(C)CCN(CC1=CC=CC=C1)C1=CC=CC=N1,CN(C)CCN(Cc1ccccc1)c1ccccn1,27,False,,
DB00793,CHEMBL1289,ClC1=CC(Cl)=C(Cl)C=C1OCC#CI,Clc1cc(Cl)c(OCC#CI)cc1Cl,20,False,6.651695136951839,False
DB00794,,CCC1(C(=O)NCNC1=O)C1=CC=CC=C1,CCC1(c2ccccc2)C(=O)NCNC1=O,24,False,,
DB00797,,C(C1=NCCN1)C1=CC=CC=C1,c1ccc(CC2=NCCN2)cc1,19,False,,
DB00799,,CCOC(=O)C1=CN=C(C=C1)C#CC1=CC2=C(SCCC2(C)C)C=C1,CCOC(=O)c1ccc(C#Cc2ccc3c(c2)C(C)(C)CCS3)nc1,39,False,,
DB00800,,OC1=CC=C(C=C1)C1CNCCC2=C(Cl)C(O)=C(O)C=C12,Oc1ccc(C2CNCCc3c2cc(O)c(O)c3Cl)cc1,35,False,,
DB00801,,FC(F)(F)CN1C2=C(C=C(Cl)C=C2)C(=NCC1=O)C1=CC=CC=C1,O=C1CN=C(c2ccccc2)c2cc(Cl)ccc2N1CC(F)(F)F,42,False,,
DB00802,CHEMBL634,CCN1N=NN(CCN2CCC(COC)(CC2)N(C(=O)CC)C2=CC=CC=C2)C1=O,CCC(=O)N(c1ccccc1)C1(COC)CCN(CCn2nnn(CC)c2=O)CC1,39,False,7.823908740944319,False
DB00804,CHEMBL1123,CCN(CC)CCOC(=O)C1(CCCCC1)C1CCCCC1,CCN(CC)CCOC(=O)C1(C2CCCCC2)CCCCC1,20,False,8.623058242853242,True
DB00805,CHEMBL278819,CC1=CC(=NN=C1NCCN1CCOCC1)C1=CC=CC=C1,Cc1cc(-c2ccccc2)nnc1NCCN1CCOCC1,25,False,4.769551078621726,False
DB00806,CHEMBL628,CN1C=NC2=C1C(=O)N(CCCCC(C)=O)C(=O)N2C,CC(=O)CCCCn1c(=O)c2c(ncn2C)n(C)c1=O,30,False,5.180456064458132,False
DB00807,,CCCOC1=C(N)C=C(C=C1)C(=O)OCCN(CC)CC,CCCOc1ccc(C(=O)OCCN(CC)CC)cc1N,27,False,,
DB00808,,CC1CC2=CC=CC=C2N1NC(=O)C1=CC(=C(Cl)C=C1)S(N)(=O)=O,CC1Cc2ccccc2N1NC(=O)c1ccc(Cl)c(S(N)(=O)=O)c1,40,False,,
DB00809,CHEMBL1200604,CCN(CC1=CC=NC=C1)C(=O)C(CO)C1=CC=CC=C1,CCN(Cc1ccncc1)C(=O)C(CO)c1ccccc1,31,False,7.602059991327962,False
DB00810,,OC(CCN1CCCCC1)(C1CC2CC1C=C2)C1=CC=CC=C1,OC(CCN1CCCCC1)(c1ccccc1)C1CC2C=CC1C2,29,False,,
DB00812,,CCCCC1C(=O)N(N(C1=O)C1=CC=CC=C1)C1=CC=CC=C1,CCCCC1C(=O)N(c2ccccc2)N(c2ccccc2)C1=O,36,False,,
DB00813,CHEMBL596,CCC(=O)N(C1CCN(CCC2=CC=CC=C2)CC1)C1=CC=CC=C1,CCC(=O)N(c1ccccc1)C1CCN(CCc2ccccc2)CC1,34,False,8.943095148663527,True
DB00814,CHEMBL599,CN1C(C(=O)NC2=NC=C(C)S2)=C(O)C2=C(C=CC=C2)S1(=O)=O,Cc1cnc(NC(=O)C2=C(O)c3ccccc3S(=O)(=O)N2C)s1,44,False,9.309803919971486,True
DB00815,,[Na+].CCCCCCCCCCCCOS([O-])(=O)=O,CCCCCCCCCCCCOS(=O)(=O)[O-].[Na+],17,False,,
DB00816,,CC(C)NCC(O)C1=CC(O)=CC(O)=C1,CC(C)NCC(O)c1cc(O)cc(O)c1,23,False,,
DB00817,,CCN1C=C(C(O)=O)C(=O)C2=C1C=C(C=C2)C1=CC=NC=C1,CCn1cc(C(=O)O)c(=O)c2ccc(-c3ccncc3)cc21,41,False,,
DB00818,,CC(C)C1=CC=CC(C(C)C)=C1O,CC(C)c1cccc(C(C)C)c1O,22,False,,
DB00819,,CC(=O)NC1=NN=C(S1)S(N)(=O)=O,CC(=O)Nc1nnc(S(N)(=O)=O)s1,23,False,,
DB00820,,[H][C@]12CC3=C(NC4=CC=CC=C34)[C@H](N1C(=O)CN(C)C2=O)C1=CC2=C(OCO2)C=C1,CN1CC(=O)N2[C@H](c3ccc4c(c3)OCO4)c3[nH]c4ccccc4c3C[C@@H]2C1=O,57,False,,
DB00821,CHEMBL1316,CC(C(O)=O)C1=CC2=C(C=C1)C1=C(N2)C=CC(Cl)=C1,CC(C(=O)O)c1ccc2c(c1)[nH]c1ccc(Cl)cc12,39,False,8.275724130399212,True
DB00822,,CCN(CC)C(=S)SSC(=S)N(CC)CC,CCN(CC)C(=S)SSC(=S)N(CC)CC,20,False,,
DB00823,,[H][C@@]12CC[C@@](OC(C)=O)(C#C)[C@@]1(C)CC[C@]1([H])[C@@]3([H])CC[C@H](OC(C)=O)C=C3CC[C@@]21[H],C#C[C@]1(OC(C)=O)CC[C@H]2[C@@H]3CCC4=C[C@@H](OC(C)=O)CC[C@@H]4[C@H]3CC[C@@]21C,68,False,,
DB00824,,CCCN1C2=C(NC=N2)C(=O)NC1=O,CCCn1c(=O)[nH]c(=O)c2[nH]cnc21,22,False,,
DB00825,CHEMBL470670,CC(C)[C@@H]1CC[C@@H](C)C[C@H]1O,CC(C)[C@@H]1CC[C@@H](C)C[C@H]1O,27,False,4.127261172527331,False
DB00827,,CCN1N=C(C(O)=O)C(=O)C2=CC3=C(OCO3)C=C12,CCn1nc(C(=O)O)c(=O)c2cc3c(cc21)OCO3,33,False,,
DB00828,,C[C@@H]1O[C@@H]1P(O)(O)=O,C[C@@H]1O[C@@H]1P(=O)(O)O,23,False,,
DB00829,,CN1C2=C(C=C(Cl)C=C2)C(=NCC1=O)C1=CC=CC=C1,CN1C(=O)CN=C(c2ccccc2)c2cc(Cl)ccc21,36,False,,
DB00830,,CC1NCCOC1C1=CC=CC=C1,CC1NCCOC1c1ccccc1,15,False,,
DB00831,,CN1CCN(CCCN2C3=CC=CC=C3SC3=C2C=C(C=C3)C(F)(F)F)CC1,CN1CCN(CCCN2c3ccccc3Sc3ccc(C(F)(F)F)cc32)CC1,41,False,,
DB00832,,CN1C(=O)CC(C1=O)C1=CC=CC=C1,CN1C(=O)CC(c2ccccc2)C1=O,24,False,,
DB00833,,[H][C@]12SCC(Cl)=C(N1C(=O)[C@H]2NC(=O)[C@H](N)C1=CC=CC=C1)C(O)=O,N[C@@H](C(=O)N[C@@H]1C(=O)N2C(C(=O)O)=C(Cl)CS[C@H]12)c1ccccc1,50,False,,
DB00834,,[H][C@@]12CC[C@@](O)(C#CC)[C@@]1(C)C[C@H](C1=CC=C(C=C1)N(C)C)C1=C3CCC(=O)C=C3CC[C@@]21[H],CC#C[C@]1(O)CC[C@H]2[C@@H]3CCC4=CC(=O)CCC4=C3[C@@H](c3ccc(N(C)C)cc3)C[C@@]21C,69,False,,
DB00835,,CN(C)CCC(C1=CC=C(Br)C=C1)C1=CC=CC=N1,CN(C)CCC(c1ccc(Br)cc1)c1ccccn1,31,False,,
DB00836,,CN(C)C(=O)C(CCN1CCC(O)(CC1)C1=CC=C(Cl)C=C1)(C1=CC=CC=C1)C1=CC=CC=C1,CN(C)C(=O)C(CCN1CCC(O)(c2ccc(Cl)cc2)CC1)(c1ccccc1)c1ccccc1,54,False,,
DB00837,,NC(=O)CCC\N=C(\C1=CC=C(Cl)C=C1)C1=C(O)C=CC(F)=C1,NC(=O)CCC/N=C(/c1ccc(Cl)cc1)c1cc(F)ccc1O,41,False,,
DB00838,,[H][C@@]12C[C@@H](C)[C@H](C(=O)CO)[C@@]1(C)C[C@H](O)[C@@]1(Cl)[C@@]2([H])C[C@H](F)C2=CC(=O)C=C[C@]12C,C[C@@H]1C[C@H]2[C@@H]3C[C@H](F)C4=CC(=O)C=C[C@]4(C)[C@@]3(Cl)[C@@H](O)C[C@]2(C)[C@H]1C(=O)CO,76,False,,
DB00839,,CC1=CC=C(C=C1)S(=O)(=O)NC(=O)NN1CCCCCC1,Cc1ccc(S(=O)(=O)NC(=O)NN2CCCCCC2)cc1,28,False,,
DB00841,,CC(CCC1=CC=C(O)C=C1)NCCC1=CC(O)=C(O)C=C1,CC(CCc1ccc(O)cc1)NCCc1ccc(O)c(O)c1,33,False,,
DB00842,,OC1N=C(C2=CC=CC=C2)C2=C(NC1=O)C=CC(Cl)=C2,O=C1Nc2ccc(Cl)cc2C(c2ccccc2)=NC1O,36,False,,
DB00843,,COC1=C(OC)C=C2C(=O)C(CC3CCN(CC4=CC=CC=C4)CC3)CC2=C1,COc1cc2c(cc1OC)C(=O)C(CC1CCN(Cc3ccccc3)CC1)C2,41,False,,
DB00844,,O[C@H]1CC[C@@]2(O)[C@H]3CC4=CC=C(O)C5=C4[C@@]2(CCN3CC2CCC2)[C@H]1O5,Oc1ccc2c3c1O[C@H]1[C@@H](O)CC[C@@]4(O)[C@@H](C2)N(CC2CCC2)CC[C@]314,55,False,,
DB00845,,CC(C)N=C1C=C2N(C3=CC=C(Cl)C=C3)C3=C(C=CC=C3)N=C2C=C1NC1=CC=C(Cl)C=C1,CC(C)N=c1cc2n(-c3ccc(Cl)cc3)c3ccccc3nc-2cc1Nc1ccc(Cl)cc1,63,False,,
DB00846,CHEMBL1201012,CC1(C)O[C@@H]2C[C@H]3[C@@H]4C[C@H](F)C5=CC(=O)CC[C@]5(C)[C@H]4[C@@H](O)C[C@]3(C)[C@@]2(O1)C(=O)CO,CC1(C)O[C@@H]2C[C@H]3[C@@H]4C[C@H](F)C5=CC(=O)CC[C@]5(C)[C@H]4[C@@H](O)C[C@]3(C)[C@]2(C(=O)CO)O1,82,False,8.351932870551066,True
DB00847,CHEMBL602,NCCS,NCCS,3,False,5.0,False
DB00848,CHEMBL1454,C1CN2C[C@@H](N=C2S1)C1=CC=CC=C1,c1ccc([C@H]2CN3CCSC3=N2)cc1,28,False,5.357337668557965,False
DB00849,,CCC1(C(=O)NC(=O)N(C)C1=O)C1=CC=CC=C1,CCC1(c2ccccc2)C(=O)NC(=O)N(C)C1=O,31,False,,
DB00850,,OCCN1CCN(CCCN2C3=CC=CC=C3SC3=C2C=C(Cl)C=C3)CC1,OCCN1CCN(CCCN2c3ccccc3Sc3ccc(Cl)cc32)CC1,35,False,,
DB00851,,CN(C)\N=N\C1=C(N=CN1)C(N)=O,CN(C)/N=N/c1[nH]cnc1C(N)=O,25,False,,
DB00852,,CN[C@@H](C)[C@@H](O)C1=CC=CC=C1,CN[C@@H](C)[C@@H](O)c1ccccc1,25,False,,
DB00853,,CN1N=NC2=C(N=CN2C1=O)C(N)=O,Cn1nnc2c(C(N)=O)ncn2c1=O,25,False,,
DB00854,,[H][C@@]12CCCC[C@@]11CCN(C)[C@@H]2CC2=C1C=C(O)C=C2,CN1CC[C@]23CCCC[C@H]2[C@H]1Cc1ccc(O)cc13,38,False,,
DB00855,,NCC(=O)CCC(O)=O,NCC(=O)CCC(=O)O,11,False,,
DB00856,,OCC(O)COC1=CC=C(Cl)C=C1,OCC(O)COc1ccc(Cl)cc1,19,False,,
DB00857,,CN(C\C=C\C#CC(C)(C)C)CC1=CC=CC2=CC=CC=C12,CN(C/C=C/C#CC(C)(C)C)Cc1cccc2ccccc12,34,False,,
DB00858,,[H][C@@]12CC[C@H](O)[C@@]1(C)CC[C@@]1([H])[C@@]2([H])CC[C@@]2([H])CC(=O)[C@H](C)C[C@]12C,C[C@@H]1C[C@@]2(C)[C@@H](CC[C@@H]3[C@@H]2CC[C@]2(C)[C@@H](O)CC[C@@H]32)CC1=O,63,False,,
DB00859,,[H][C@](N)(C(O)=O)C(C)(C)S,CC(C)(S)[C@@H](N)C(=O)O,22,False,,
DB00860,,[H][C@@]12CC[C@](O)(C(=O)CO)[C@@]1(C)C[C@H](O)[C@@]1([H])[C@@]2([H])CCC2=CC(=O)C=C[C@]12C,C[C@]12C=CC(=O)C=C1CC[C@@H]1[C@@H]2[C@@H](O)C[C@@]2(C)[C@H]1CC[C@]2(O)C(=O)CO,63,False,,
DB00861,CHEMBL898,OC(=O)C1=C(O)C=CC(=C1)C1=C(F)C=C(F)C=C1,O=C(O)c1cc(-c2ccc(F)cc2F)ccc1O,37,False,6.070581074285707,False
DB00862,,CCCC1=NC(C)=C2N1NC(=NC2=O)C1=C(OCC)C=CC(=C1)S(=O)(=O)N1CCN(CC)CC1,CCCc1nc(C)c2c(=O)nc(-c3cc(S(=O)(=O)N4CCN(CC)CC4)ccc3OCC)[nH]n12,48,False,,
DB00863,,CNC(NCCSCC1=CC=C(CN(C)C)O1)=C[N+]([O-])=O,CNC(=C[N+](=O)[O-])NCCSCc1ccc(CN(C)C)o1,27,False,,
DB00865,,C[C@@H](CC1=CC=CC=C1)N(C)CC1=CC=CC=C1,C[C@@H](Cc1ccccc1)N(C)Cc1ccccc1,31,False,,
DB00866,,CC(C)NCC(O)COC1=CC=CC=C1CC=C,C=CCc1ccccc1OCC(O)CNC(C)C,22,False,,
DB00867,,C[C@H](NCCC1=CC=C(O)C=C1)[C@H](O)C1=CC=C(O)C=C1,C[C@H](NCCc1ccc(O)cc1)[C@H](O)c1ccc(O)cc1,41,False,,
DB00869,,CCN[C@H]1C[C@H](C)S(=O)(=O)C2=C1C=C(S2)S(N)(=O)=O,CCN[C@H]1C[C@H](C)S(=O)(=O)c2sc(S(N)(=O)=O)cc21,42,False,,
DB00870,,CC(C(O)=O)C1=CC=C(C=C1)C(=O)C1=CC=CS1,CC(C(=O)O)c1ccc(C(=O)c2cccs2)cc1,33,False,,
DB00871,,CC(C)(C)NCC(O)C1=CC(O)=CC(O)=C1,CC(C)(C)NCC(O)c1cc(O)cc(O)c1,25,False,,
DB00872,CHEMBL1755,CC1=NC2=C(CCN(C(=O)C3=CC=C(NC(=O)C4=CC=CC=C4C4=CC=CC=C4)C=C3)C3=CC=CC=C23)N1,Cc1nc2c([nH]1)CCN(C(=O)c1ccc(NC(=O)c3ccccc3-c3ccccc3)cc1)c1ccccc1-2,63,False,8.522878745280337,True
DB00873,,[H][C@@]12CC[C@](O)(C(=O)OCCl)[C@@]1(C)C[C@H](O)[C@@]1([H])[C@@]2([H])CCC2=CC(=O)C=C[C@]12C,C[C@]12C=CC(=O)C=C1CC[C@@H]1[C@@H]2[C@@H](O)C[C@@]2(C)[C@H]1CC[C@]2(O)C(=O)OCCl,64,False,,
DB00874,,COC1=CC=CC=C1OCC(O)CO,COc1ccccc1OCC(O)CO,16,False,,
DB00875,,[H]\C(CCN1CCN(CCO)CC1)=C1/C2=CC=CC=C2SC2=C1C=C(C=C2)C(F)(F)F,OCCN1CCN(CC/C=C2/c3ccccc3Sc3ccc(C(F)(F)F)cc32)CC1,50,False,,
DB00876,CHEMBL813,CCCCC1=NC=C(\C=C(/CC2=CC=CS2)C(O)=O)N1CC1=CC=C(C=C1)C(O)=O,CCCCc1ncc(/C=C(\Cc2cccs2)C(=O)O)n1Cc1ccc(C(=O)O)cc1,46,False,9.0,True
DB00879,,NC1=NC(=O)N(C=C1F)[C@@H]1CS[C@H](CO)O1,Nc1nc(=O)n([C@@H]2CS[C@H](CO)O2)cc1F,32,False,,
DB00880,,NS(=O)(=O)C1=C(Cl)C=C2NC=NS(=O)(=O)C2=C1,NS(=O)(=O)c1cc2c(cc1Cl)NC=NS2(=O)=O,32,False,,
DB00881,,CCOC(=O)[C@H](CCC1=CC=CC=C1)N[C@@H](C)C(=O)N1CC2=CC=CC=C2C[C@H]1C(O)=O,CCOC(=O)[C@H](CCc1ccccc1)N[C@@H](C)C(=O)N1Cc2ccccc2C[C@H]1C(=O)O,55,False,,
DB00882,CHEMBL2355051,CCN(CC)CCOC1=CC=C(C=C1)C(=C(Cl)C1=CC=CC=C1)C1=CC=CC=C1,CCN(CC)CCOc1ccc(C(=C(Cl)c2ccccc2)c2ccccc2)cc1,43,False,6.6595558851598815,False
DB00883,,[H][C@]12OC[C@H](O[N+]([O-])=O)[C@@]1([H])OC[C@H]2O[N+]([O-])=O,O=[N+]([O-])O[C@H]1CO[C@H]2[C@@H]1OC[C@H]2O[N+](=O)[O-],43,False,,
DB00885,,CC1=CC=CN2C(=O)C(=CN=C12)C1=NNN=N1,Cc1cccn2c(=O)c(-c3nn[nH]n3)cnc12,27,False,,
DB00887,,CCCCNC1=C(OC2=CC=CC=C2)C(=CC(=C1)C(O)=O)S(N)(=O)=O,CCCCNc1cc(C(=O)O)cc(S(N)(=O)=O)c1Oc1ccccc1,37,False,,
DB00888,CHEMBL427,CN(CCCl)CCCl,CN(CCCl)CCCl,7,False,7.5376020021010435,False
DB00889,,CN1N=C(C(=O)N[C@@H]2C[C@@H]3CCC[C@H](C2)N3C)C2=C1C=CC=C2,CN1[C@@H]2CCC[C@H]1C[C@@H](NC(=O)c1nn(C)c3ccccc13)C2,50,False,,
DB00890,,[H]\C(C)=C(/C(=C(\[H])C)/C1=CC=C(O)C=C1)\C1=CC=C(O)C=C1,C/C=C(C(=C/C)/c1ccc(O)cc1)\c1ccc(O)cc1,48,False,,
DB00891,,NC1=CC=C(C=C1)S(=O)(=O)NC1=CC=CC=N1,Nc1ccc(S(=O)(=O)Nc2ccccn2)cc1,29,False,,
DB00892,CHEMBL1200,CCCCOC1=CC(=CC=C1N)C(=O)OCCN(CC)CC,CCCCOc1cc(C(=O)OCCN(CC)CC)ccc1N,22,False,5.537602002101044,False
DB00894,,[H][C@@]12CCC3=CC(=O)C=C[C@]3(C)[C@@]1([H])CC[C@]1(C)OC(=O)CC[C@@]21[H],C[C@]12C=CC(=O)C=C1CC[C@@H]1[C@@H]2CC[C@]2(C)OC(=O)CC[C@@H]12,52,False,,
DB00896,,[H][C@@]12C[C@@H](C)[C@](C)(C(=O)CC)[C@@]1(C)C[C@H](O)[C@@]1([H])[C@@]2([H])CCC2=CC(=O)C=C[C@]12C,CCC(=O)[C@@]1(C)[C@H](C)C[C@H]2[C@@H]3CCC4=CC(=O)C=C[C@]4(C)[C@H]3[C@@H](O)C[C@@]21C,69,False,,
DB00897,,CC1=NN=C2CN=C(C3=CC=CC=C3Cl)C3=C(C=CC(Cl)=C3)N12,Cc1nnc2n1-c1ccc(Cl)cc1C(c1ccccc1Cl)=NC2,40,False,,
DB00898,,CCO,CCO,3,False,,
DB00899,,CCC(=O)N(C1=CC=CC=C1)C1(CCN(CCC(=O)OC)CC1)C(=O)OC,CCC(=O)N(c1ccccc1)C1(C(=O)OC)CCN(CCC(=O)OC)CC1,37,False,,
DB00900,,OC[C@@H]1CC[C@@H](O1)N1C=NC2=C1NC=NC2=O,O=c1nc[nH]c2c1ncn2[C@H]1CC[C@@H](CO)O1,33,False,,
DB00902,,CN1CCC(CN2C3=CC=CC=C3SC3=CC=CC=C23)C1,CN1CCC(CN2c3ccccc3Sc3ccccc32)C1,29,False,,
DB00903,CHEMBL456,CCC(=C)C(=O)C1=C(Cl)C(Cl)=C(OCC(O)=O)C=C1,C=C(CC)C(=O)c1ccc(OCC(=O)O)c(Cl)c1Cl,33,False,6.0,False
DB00904,CHEMBL46,CN1C2=C(C3=CC=CC=C13)C(=O)C(CN1C=CN=C1C)CC2,Cc1nccn1CC1CCc2c(c3ccccc3n2C)C1=O,37,False,10.045757490560677,True
DB00905,CHEMBL1200963,CCNC(=O)CCC\C=C/C[C@H]1[C@@H](O)C[C@@H](O)[C@@H]1\C=C\[C@@H](O)CCC1=CC=CC=C1,CCNC(=O)CCC/C=C\C[C@@H]1[C@@H](/C=C/[C@@H](O)CCc2ccccc2)[C@H](O)C[C@@H]1O,59,False,5.301029995663981,False
DB00906,,CC1=C(SC=C1)C(=CCCN1CCC[C@H](C1)C(O)=O)C1=C(C)C=CS1,Cc1ccsc1C(=CCCN1CCC[C@@H](C(=O)O)C1)c1sccc1C,42,False,,
DB00907,,[H][C@]12CC[C@]([H])([C@H]([C@H](C1)OC(=O)C1=CC=CC=C1)C(=O)OC)N2C,COC(=O)[C@H]1[C@@H](OC(=O)c2ccccc2)C[C@@H]2CC[C@H]1N2C,49,False,,
DB00908,,[H][C@@]12CCN(C[C@@H]1C=C)[C@]([H])(C2)[C@@H](O)C1=C2C=C(OC)C=CC2=NC=C1,C=C[C@H]1CN2CC[C@H]1C[C@@H]2[C@@H](O)c1ccnc2ccc(OC)cc12,55,False,,
DB00909,CHEMBL750,NS(=O)(=O)CC1=NOC2=CC=CC=C12,NS(=O)(=O)Cc1noc2ccccc12,20,False,5.730487055782084,False
DB00910,,[H][C@@]1(CC[C@@]2([H])\C(CCC[C@]12C)=C\C=C1C[C@@H](O)C[C@H](O)C1)[C@H](C)\C=C\[C@H](C)C(C)(C)O,C[C@H](/C=C/[C@H](C)C(C)(C)O)[C@H]1CC[C@H]2/C(=C/C=C3C[C@@H](O)C[C@H](O)C3)CCC[C@]12C,75,False,,
DB00911,CHEMBL1220,CCS(=O)(=O)CCN1C(C)=NC=C1[N+]([O-])=O,CCS(=O)(=O)CCn1c([N+](=O)[O-])cnc1C,24,False,6.522878745280337,False
DB00912,,CCOC1=C(C=CC(CC(=O)N[C@@H](CC(C)C)C2=CC=CC=C2N2CCCCC2)=C1)C(O)=O,CCOc1cc(CC(=O)N[C@@H](CC(C)C)c2ccccc2N2CCCCC2)ccc1C(=O)O,49,False,,
DB00913,,CCOC(=O)C1(CCN(CCC2=CC=C(N)C=C2)CC1)C1=CC=CC=C1,CCOC(=O)C1(c2ccccc2)CCN(CCc2ccc(N)cc2)CC1,37,False,,
DB00914,,NC(=N)NC(=N)NCCC1=CC=CC=C1,N=C(N)NC(=N)NCCc1ccccc1,19,False,,
DB00915,,NC12CC3CC(CC(C3)C1)C2,NC12CC3CC(CC(C3)C1)C2,18,False,,
DB00916,,CC1=NC=C(N1CCO)[N+]([O-])=O,Cc1ncc([N+](=O)[O-])n1CCO,18,False,,
DB00917,CHEMBL548,CCCCC[C@H](O)\C=C\[C@H]1[C@H](O)CC(=O)[C@@H]1C\C=C/CCCC(O)=O,CCCCC[C@H](O)/C=C/[C@H]1[C@H](O)CC(=O)[C@@H]1C/C=C\CCCC(=O)O,46,False,9.346787486224656,True
DB00918,,CN(C)CCC1=CNC2=C1C=C(CS(=O)(=O)N1CCCC1)C=C2,CN(C)CCc1c[nH]c2ccc(CS(=O)(=O)N3CCCC3)cc12,33,False,,
DB00919,,[H][C@@]12O[C@H](C)CC(=O)[C@]1(O)O[C@]1([H])[C@@H](NC)[C@@H](O)[C@@H](NC)[C@H](O)[C@@]1([H])O2,CN[C@@H]1[C@H](O)[C@H](NC)[C@H]2O[C@@]3(O)C(=O)C[C@@H](C)O[C@H]3O[C@@H]2[C@H]1O,68,False,,
DB00920,,CN1CCC(CC1)=C1C2=C(SC=C2)C(=O)CC2=CC=CC=C12,CN1CCC(=C2c3ccccc3CC(=O)c3sccc32)CC1,34,False,,
DB00921,,CO[C@]12CC[C@@]3(C[C@@H]1[C@](C)(O)C(C)(C)C)[C@H]1CC4=C5C(O[C@@H]2[C@@]35CCN1CC1CC1)=C(O)C=C4,CO[C@]12CC[C@@]3(C[C@@H]1[C@](C)(O)C(C)(C)C)[C@H]1Cc4ccc(O)c5c4[C@@]3(CCN1CC1CC1)[C@H]2O5,73,False,,
DB00922,CHEMBL2051955,C[C@@H]1CC(=O)NN=C1C1=CC=C(NN=C(C#N)C#N)C=C1,C[C@@H]1CC(=O)NN=C1c1ccc(NN=C(C#N)C#N)cc1,40,False,8.096910013008056,False
DB00924,CHEMBL669,CN(C)CCC=C1C2=CC=CC=C2C=CC2=CC=CC=C12,CN(C)CCC=C1c2ccccc2C=Cc2ccccc21,30,False,6.522878745280337,False
DB00925,,CC(COC1=CC=CC=C1)N(CCCl)CC1=CC=CC=C1,CC(COc1ccccc1)N(CCCl)Cc1ccccc1,27,False,,
DB00929,,CCCCC(C)(O)C\C=C\[C@H]1[C@H](O)CC(=O)[C@@H]1CCCCCCC(=O)OC,CCCCC(C)(O)C/C=C/[C@H]1[C@H](O)CC(=O)[C@@H]1CCCCCCC(=O)OC,40,False,,
DB00933,,CN1CCCCC1CCN1C2=C(SC3=C1C=C(C=C3)S(C)=O)C=CC=C2,CN1CCCCC1CCN1c2ccccc2Sc2ccc(S(C)=O)cc21,39,False,,
DB00934,,CNCCCC12CCC(C3=CC=CC=C13)C1=CC=CC=C21,CNCCCC12CCC(c3ccccc31)c1ccccc12,26,False,,
DB00935,,CC1=CC(=C(O)C(C)=C1CC1=NCCN1)C(C)(C)C,Cc1cc(C(C)(C)C)c(O)c(C)c1CC1=NCCN1,30,False,,
DB00936,,OC(=O)C1=CC=CC=C1O,O=C(O)c1ccccc1O,16,False,,
DB00937,,CCN(CC)C(C)C(=O)C1=CC=CC=C1,CCN(CC)C(C)C(=O)c1ccccc1,23,False,,
DB00938,,OCC1=C(O)C=CC(=C1)C(O)CNCCCCCCOCCCCC1=CC=CC=C1,OCc1cc(C(O)CNCCCCCCOCCCCc2ccccc2)ccc1O,31,False,,
DB00939,,CC1=C(Cl)C(NC2=CC=CC=C2C(O)=O)=C(Cl)C=C1,Cc1ccc(Cl)c(Nc2ccccc2C(=O)O)c1Cl,34,False,,
DB00940,,CC[N+](C)(CC)CCOC(=O)C1C2=CC=CC=C2OC2=CC=CC=C12,CC[N+](C)(CC)CCOC(=O)C1c2ccccc2Oc2ccccc21,34,False,,
DB00942,,OC(CCN1CCCCC1)(C1CCCC1)C1=CC=CC=C1,OC(CCN1CCCCC1)(c1ccccc1)C1CCCC1,23,False,,
DB00943,,NC1=NC(=O)N(C=C1)[C@H]1CC[C@@H](CO)O1,Nc1ccn([C@H]2CC[C@@H](CO)O2)c(=O)n1,31,False,,
DB00945,,CC(=O)OC1=CC=CC=C1C(O)=O,CC(=O)Oc1ccccc1C(=O)O,20,False,,
DB00946,,CCC(C1=CC=CC=C1)C1=C(O)C2=C(OC1=O)C=CC=C2,CCC(c1ccccc1)c1c(O)c2ccccc2oc1=O,37,False,,
DB00949,,NC(=O)OCC(COC(N)=O)C1=CC=CC=C1,NC(=O)OCC(COC(N)=O)c1ccccc1,23,False,,
DB00951,,NNC(=O)C1=CC=NC=C1,NNC(=O)c1ccncc1,15,False,,
DB00952,,CNS(=O)(=O)CCC1=CC2=C(NC=C2C2CCN(C)CC2)C=C1,CNS(=O)(=O)CCc1ccc2[nH]cc(C3CCN(C)CC3)c2c1,33,False,,
DB00953,,CN(C)CCC1=CNC2=C1C=C(CN1C=NC=N1)C=C2,CN(C)CCc1c[nH]c2ccc(Cn3cncn3)cc12,31,False,,
DB00956,,[H][C@@]12OC3=C(OC)C=CC4=C3[C@@]11CCN(C)[C@]([H])(C4)[C@]1([H])CCC2=O,COc1ccc2c3c1O[C@H]1C(=O)CC[C@H]4[C@@H](C2)N(C)CC[C@]314,50,False,,
DB00957,CHEMBL1200934,[H][C@@]12CC[C@@](OC(C)=O)(C#C)[C@@]1(CC)CC[C@]1([H])[C@@]3([H])CC\C(C=C3CC[C@@]21[H])=N/O,C#C[C@]1(OC(C)=O)CC[C@H]2[C@@H]3CCC4=C/C(=N/O)CC[C@@H]4[C@H]3CC[C@@]21CC,64,False,5.0,False
DB00959,,[H][C@@]12CC[C@](O)(C(=O)CO)[C@@]1(C)C[C@H](O)[C@@]1([H])[C@@]2([H])C[C@H](C)C2=CC(=O)C=C[C@]12C,C[C@H]1C[C@@H]2[C@H]([C@@H](O)C[C@@]3(C)[C@H]2CC[C@]3(O)C(=O)CO)[C@@]2(C)C=CC(=O)C=C12,71,False,,
DB00960,CHEMBL500,CC(C)NCC(O)COC1=CC=CC2=C1C=CN2,CC(C)NCC(O)COc1cccc2[nH]ccc12,24,False,9.260427655549908,True
DB00961,,CN1CCCCC1C(=O)NC1=C(C)C=CC=C1C,Cc1cccc(C)c1NC(=O)C1CCCCN1C,24,False,,
DB00962,CHEMBL1521,CCN(C(C)=O)C1=CC=CC(=C1)C1=CC=NC2=C(C=NN12)C#N,CCN(C(C)=O)c1cccc(-c2ccnc3c(C#N)cnn23)c1,38,False,6.777283528852417,False
DB00963,CHEMBL1077,NC1=C(CC(O)=O)C=CC=C1C(=O)C1=CC=C(Br)C=C1,Nc1c(CC(=O)O)cccc1C(=O)c1ccc(Br)cc1,36,False,8.318487413361037,True
DB00964,,NC1=CC(Cl)=C(NC2=NCCN2)C(Cl)=C1,Nc1cc(Cl)c(NC2=NCCN2)c(Cl)c1,23,False,,
DB00967,CHEMBL1172,ClC1=CC2=C(C=C1)C(=C1CCNCC1)C1=C(CC2)C=CC=N1,Clc1ccc2c(c1)CCc1cccnc1C2=C1CCNCC1,36,False,8.735182176990463,True
DB00968,,C[C@](N)(CC1=CC=C(O)C(O)=C1)C(O)=O,C[C@](N)(Cc1ccc(O)c(O)c1)C(=O)O,29,False,,
DB00969,,CN1C2=C(C3=CC=CC=C13)C(=O)N(CC1=C(C)NC=N1)CC2,Cc1[nH]cnc1CN1CCc2c(c3ccccc3n2C)C1=O,39,False,,
DB00971,,S=[Se]=S,S=[Se]=S,9,False,,
DB00972,,CN1CCCC(CC1)N1N=C(CC2=CC=C(Cl)C=C2)C2=CC=CC=C2C1=O,CN1CCCC(n2nc(Cc3ccc(Cl)cc3)c3ccccc3c2=O)CC1,42,False,,
DB00973,CHEMBL1138,[H][C@]1(CC[C@H](O)C2=CC=C(F)C=C2)C(=O)N(C2=CC=C(F)C=C2)[C@]1([H])C1=CC=C(O)C=C1,O=C1[C@H](CC[C@H](O)c2ccc(F)cc2)[C@@H](c2ccc(O)cc2)N1c1ccc(F)cc1,71,False,6.431798275933005,False
DB00977,CHEMBL691,[H][C@@]12CC[C@@](O)(C#C)[C@@]1(C)CC[C@]1([H])C3=C(CC[C@@]21[H])C=C(O)C=C3,C#C[C@]1(O)CC[C@H]2[C@@H]3CCc4cc(O)ccc4[C@H]3CC[C@@]21C,57,False,9.619788758288394,True
DB00978,,CCN1C=C(C(O)=O)C(=O)C2=CC(F)=C(N3CCNC(C)C3)C(F)=C12,CCn1cc(C(=O)O)c(=O)c2cc(F)c(N3CCNC(C)C3)c(F)c21,42,False,,
DB00979,,CN(C)CCOC(=O)C(C1=CC=CC=C1)C1(O)CCCC1,CN(C)CCOC(=O)C(c1ccccc1)C1(O)CCCC1,29,False,,
DB00980,CHEMBL1218,CCC(=O)NCC[C@@H]1CCC2=C1C1=C(OCC1)C=C2,CCC(=O)NCC[C@@H]1CCc2ccc3c(c21)CCO3,30,False,10.681936665037238,True
DB00981,,[H][C@]12N(C)CC[C@@]1(C)C1=C(C=CC(OC(=O)NC)=C1)N2C,CNC(=O)Oc1ccc2c(c1)[C@]1(C)CCN(C)[C@@H]1N2C,41,False,,
DB00982,CHEMBL547,C\C(\C=C\C1=C(C)CCCC1(C)C)=C/C=C/C(/C)=C\C(O)=O,CC1=C(/C=C/C(C)=C/C=C/C(C)=C\C(=O)O)C(C)(C)CCC1,41,False,7.306273051076353,False
DB00983,CHEMBL1256786,COC1=CC=C(CC(C)NCC(O)C2=CC(NC=O)=C(O)C=C2)C=C1,COc1ccc(CC(C)NCC(O)c2ccc(O)c(NC=O)c2)cc1,39,False,9.397940008672036,True
DB00984,,[H][C@@]12CC[C@H](OC(=O)CCC3=CC=CC=C3)[C@@]1(C)CC[C@]1([H])[C@@]3([H])CCC(=O)C=C3CC[C@@]21[H],C[C@]12CC[C@H]3[C@@H](CCC4=CC(=O)CC[C@@H]43)[C@@H]1CC[C@@H]2OC(=O)CCc1ccccc1,66,False,,
DB00985,CHEMBL1200406,CN1C2=C(N=C(Cl)N2)C(=O)N(C)C1=O.CN(C)CCOC(C1=CC=CC=C1)C1=CC=CC=C1,CN(C)CCOC(c1ccccc1)c1ccccc1.Cn1c(=O)c2nc(Cl)[nH]c2n(C)c1=O,56,False,6.5003129173815966,False
DB00986,,C[N+]1(C)CCC(C1)OC(=O)C(O)(C1CCCC1)C1=CC=CC=C1,C[N+]1(C)CCC(OC(=O)C(O)(c2ccccc2)C2CCCC2)C1,37,False,,
DB00987,,NC1=NC(=O)N(C=C1)[C@@H]1O[C@H](CO)[C@@H](O)[C@@H]1O,Nc1ccn([C@@H]2O[C@H](CO)[C@@H](O)[C@@H]2O)c(=O)n1,41,False,,
DB00988,,NCCC1=CC(O)=C(O)C=C1,NCCc1ccc(O)c(O)c1,17,False,,
DB00989,CHEMBL636,CCN(C)C(=O)OC1=CC=CC(=C1)[C@H](C)N(C)C,CCN(C)C(=O)Oc1cccc([C@H](C)N(C)C)c1,31,False,7.844663962534938,False
DB00990,,[H][C@@]12CCC(=O)[C@@]1(C)CC[C@@]1([H])[C@@]2([H])CC(=C)C2=CC(=O)C=C[C@]12C,C=C1C[C@@H]2[C@H](CC[C@]3(C)C(=O)CC[C@@H]23)[C@@]2(C)C=CC(=O)C=C12,53,False,,
DB00991,,OC(=O)CCC1=NC(=C(O1)C1=CC=CC=C1)C1=CC=CC=C1,O=C(O)CCc1nc(-c2ccccc2)c(-c2ccccc2)o1,35,False,,
DB00992,,COC(=O)CCC(=O)CN,COC(=O)CCC(=O)CN,11,False,,
DB00993,,CN1C=NC(=C1SC1=NC=NC2=C1NC=N2)[N+]([O-])=O,Cn1cnc([N+](=O)[O-])c1Sc1ncnc2nc[nH]c12,30,False,,
DB00996,,NCC1(CC(O)=O)CCCCC1,NCC1(CC(=O)O)CCCCC1,13,False,,
DB00998,,CN[C@@H]1CCC2=C(C1)C1=C(N2)C=CC(=C1)C(N)=O,CN[C@@H]1CCc2[nH]c3ccc(C(N)=O)cc3c2C1,37,False,,
DB00999,,NS(=O)(=O)C1=C(Cl)C=C2NCNS(=O)(=O)C2=C1,NS(=O)(=O)c1cc2c(cc1Cl)NCNS2(=O)=O,31,False,,
DB01000,,[H][C@]12SC(C)(C)[C@@H](N1C(=O)[C@H]2NC(=O)C1(N)CCCCC1)C(O)=O,CC1(C)S[C@@H]2[C@H](NC(=O)C3(N)CCCCC3)C(=O)N2[C@H]1C(=O)O,46,False,,
DB01001,,CC(C)(C)NCC(O)C1=CC(CO)=C(O)C=C1,CC(C)(C)NCC(O)c1ccc(O)c(CO)c1,27,False,,
DB01002,,CCCCN1CCCC[C@H]1C(=O)NC1=C(C)C=CC=C1C,CCCCN1CCCC[C@H]1C(=O)Nc1c(C)cccc1C,29,False,,
DB01004,,NC1=NC2=C(N=CN2COC(CO)CO)C(=O)N1,Nc1nc2c(ncn2COC(CO)CO)c(=O)[nH]1,26,False,,
DB01005,,NC(=O)NO,NC(=O)NO,7,False,,
DB01006,,N#CC1=CC=C(C=C1)C(N1C=NC=N1)C1=CC=C(C=C1)C#N,N#Cc1ccc(C(c2ccc(C#N)cc2)n2cncn2)cc1,42,False,,
DB01007,,ClC1=C(COC(CN2C=CN=C2)C2=C(Cl)C=C(Cl)C=C2)C=CS1,Clc1ccc(C(Cn2ccnc2)OCc2ccsc2Cl)c(Cl)c1,40,False,,
DB01008,CHEMBL820,CS(=O)(=O)OCCCCOS(C)(=O)=O,CS(=O)(=O)OCCCCOS(C)(=O)=O,17,False,5.28274568723745,False
DB01009,,CC(C(O)=O)C1=CC(=CC=C1)C(=O)C1=CC=CC=C1,CC(C(=O)O)c1cccc(C(=O)c2ccccc2)c1,33,False,,
DB01011,,CC(C)(C(=O)C1=CN=CC=C1)C1=CC=CN=C1,CC(C)(C(=O)c1cccnc1)c1cccnc1,29,False,,
DB01012,,C[C@@H](NCCCC1=CC(=CC=C1)C(F)(F)F)C1=CC=CC2=CC=CC=C12,C[C@@H](NCCCc1cccc(C(F)(F)F)c1)c1cccc2ccccc12,40,False,,
DB01013,,[H][C@@]12C[C@H](C)[C@](OC(=O)CC)(C(=O)CCl)[C@@]1(C)C[C@H](O)[C@@]1(F)[C@@]2([H])CCC2=CC(=O)C=C[C@]12C,CCC(=O)O[C@]1(C(=O)CCl)[C@@H](C)C[C@H]2[C@@H]3CCC4=CC(=O)C=C[C@]4(C)[C@@]3(F)[C@@H](O)C[C@@]21C,72,False,,
DB01015,,CC1=CC(NS(=O)(=O)C2=CC=C(N)C=C2)=NO1,Cc1cc(NS(=O)(=O)c2ccc(N)cc2)no1,29,False,,
DB01016,,COC1=C(C=C(Cl)C=C1)C(=O)NCCC1=CC=C(C=C1)S(=O)(=O)NC(=O)NC1CCCCC1,COc1ccc(Cl)cc1C(=O)NCCc1ccc(S(=O)(=O)NC(=O)NC2CCCCC2)cc1,48,False,,
DB01018,CHEMBL862,NC(=N)NC(=O)CC1=C(Cl)C=CC=C1Cl,N=C(N)NC(=O)Cc1c(Cl)cccc1Cl,24,False,7.346787486224656,False
DB01019,,CC(C[N+](C)(C)C)OC(N)=O,CC(C[N+](C)(C)C)OC(N)=O,19,False,,
DB01020,,[H][C@]12OC[C@@H](O[N+]([O-])=O)[C@@]1([H])OC[C@@H]2O,O=[N+]([O-])O[C@@H]1CO[C@H]2[C@@H]1OC[C@@H]2O,37,False,,
DB01021,,NS(=O)(=O)C1=C(Cl)C=C2NC(NS(=O)(=O)C2=C1)C(Cl)Cl,NS(=O)(=O)c1cc2c(cc1Cl)NC(C(Cl)Cl)NS2(=O)=O,38,False,,
DB01022,,CC(C)CCC[C@@H](C)CCC[C@@H](C)CCC\C(C)=C\CC1=C(C)C(=O)C2=C(C=CC=C2)C1=O,CC1=C(C/C=C(\C)CCC[C@H](C)CCC[C@H](C)CCCC(C)C)C(=O)c2ccccc2C1=O,57,False,,
DB01023,,CCOC(=O)C1=C(C)NC(C)=C(C1C1=C(Cl)C(Cl)=CC=C1)C(=O)OC,CCOC(=O)C1=C(C)NC(C)=C(C(=O)OC)C1c1cccc(Cl)c1Cl,42,False,,
DB01024,,COC1=C(C\C=C(/C)CCC(O)=O)C(O)=C2C(=O)OCC2=C1C,COc1c(C)c2c(c(O)c1C/C=C(\C)CCC(=O)O)C(=O)OC2,37,False,,
DB01025,CHEMBL1096,CC(C)C1=CC2=C(OC3=NC(N)=C(C=C3C2=O)C(O)=O)C=C1,CC(C)c1ccc2oc3nc(N)c(C(=O)O)cc3c(=O)c2c1,42,False,6.070581074285707,False
DB01028,,COC(F)(F)C(Cl)Cl,COC(F)(F)C(Cl)Cl,13,False,,
DB01029,,CCCCC1=NC2(CCCC2)C(=O)N1CC1=CC=C(C=C1)C1=CC=CC=C1C1=NNN=N1,CCCCC1=NC2(CCCC2)C(=O)N1Cc1ccc(-c2ccccc2-c2nn[nH]n2)cc1,45,False,,
DB01030,,CC[C@@]1(O)C(=O)OCC2=C1C=C1N(CC3=CC4=C(C=CC(O)=C4CN(C)C)N=C13)C2=O,CC[C@@]1(O)C(=O)OCc2c1cc1n(c2=O)Cc2cc3c(CN(C)C)c(O)ccc3nc2-1,56,False,,
DB01031,,NC(=O)OC1(CCCCC1)C#C,C#CC1(OC(N)=O)CCCCC1,15,False,,
DB01032,CHEMBL897,CCCN(CCC)S(=O)(=O)C1=CC=C(C=C1)C(O)=O,CCCN(CCC)S(=O)(=O)c1ccc(C(=O)O)cc1,29,False,5.519993057042849,False
DB01033,,S=C1N=CNC2=C1NC=N2,S=c1nc[nH]c2nc[nH]c12,17,False,,
DB01034,,[H][C@]1(O[C@]1([H])C(=O)CC\C=C\C\C=C\C)C(N)=O,C/C=C/C/C=C/CCC(=O)[C@H]1O[C@H]1C(N)=O,41,False,,
DB01035,,CCN(CC)CCNC(=O)C1=CC=C(N)C=C1,CCN(CC)CCNC(=O)c1ccc(N)cc1,23,False,,
DB01036,CHEMBL1382,CC(C)N(CC[C@H](C1=CC=CC=C1)C1=C(O)C=CC(C)=C1)C(C)C,Cc1ccc(O)c([C@H](CCN(C(C)C)C(C)C)c2ccccc2)c1,45,False,8.199970640755867,False
DB01037,CHEMBL972,C[C@H](CC1=CC=CC=C1)N(C)CC#C,C#CCN(C)[C@H](C)Cc1ccccc1,25,False,10.769551078621726,True
DB01039,CHEMBL672,CC(C)OC(=O)C(C)(C)OC1=CC=C(C=C1)C(=O)C1=CC=C(Cl)C=C1,CC(C)OC(=O)C(C)(C)Oc1ccc(C(=O)c2ccc(Cl)cc2)cc1,45,False,6.0,False
DB01041,,O=C1N(C2CCC(=O)NC2=O)C(=O)C2=CC=CC=C12,O=C1CCC(N2C(=O)c3ccccc3C2=O)C(=O)N1,32,False,,
DB01042,,N[C@@H](CC1=CC=C(C=C1)N(CCCl)CCCl)C(O)=O,N[C@@H](Cc1ccc(N(CCCl)CCCl)cc1)C(=O)O,31,False,,
DB01043,CHEMBL807,CC12CC3CC(C)(C1)CC(N)(C3)C2,CC12CC3CC(C)(C1)CC(N)(C3)C2,22,False,9.022276394711152,True
DB01044,,COC1=C2N(C=C(C(O)=O)C(=O)C2=CC(F)=C1N1CCNC(C)C1)C1CC1,COc1c(N2CCNC(C)C2)c(F)cc2c(=O)c(C(=O)O)cn(C3CC3)c12,45,False,,
DB01046,,[H][C@@]12CC(=O)[C@H](CCCCCCC(O)=O)[C@@]1([H])CC[C@@](O)(O2)C(F)(F)CCCC,CCCCC(F)(F)[C@@]1(O)CC[C@H]2[C@@H](CC(=O)[C@@H]2CCCCCCC(=O)O)O1,45,False,,
DB01047,,[H][C@@]12C[C@@]3([H])[C@]4([H])C[C@H](F)C5=CC(=O)C=C[C@]5(C)[C@@]4(F)[C@@H](O)C[C@]3(C)[C@@]1(OC(C)(C)O2)C(=O)COC(C)=O,CC(=O)OCC(=O)[C@@]12OC(C)(C)O[C@@H]1C[C@H]1[C@@H]3C[C@H](F)C4=CC(=O)C=C[C@]4(C)[C@@]3(F)[C@@H](O)C[C@@]12C,91,False,,
DB01048,CHEMBL1380,NC1=NC2=C(N=CN2[C@@H]2C[C@H](CO)C=C2)C(NC2CC2)=N1,Nc1nc(NC2CC2)c2ncn([C@H]3C=C[C@@H](CO)C3)c2n1,42,False,6.886056647693163,False
DB01050,,CC(C)CC1=CC=C(C=C1)C(C)C(O)=O,CC(C)Cc1ccc(C(C)C(=O)O)cc1,27,False,,
DB01053,,[H][C@]12SC(C)(C)[C@@H](N1C(=O)[C@H]2NC(=O)CC1=CC=CC=C1)C(O)=O,CC1(C)S[C@@H]2[C@H](NC(=O)Cc3ccccc3)C(=O)N2[C@H]1C(=O)O,48,False,,
DB01054,,CCOC(=O)C1=C(C)NC(C)=C(C1C1=CC(=CC=C1)[N+]([O-])=O)C(=O)OC,CCOC(=O)C1=C(C)NC(C)=C(C(=O)OC)C1c1cccc([N+](=O)[O-])c1,42,False,,
DB01055,CHEMBL245416,N[C@@H](CN1C=CC(=O)C(O)=C1)C(O)=O,N[C@@H](Cn1ccc(=O)c(O)c1)C(=O)O,28,False,5.434152181326482,False
DB01056,,CC(N)C(=O)NC1=C(C)C=CC=C1C,Cc1cccc(C)c1NC(=O)C(C)N,24,False,,
DB01057,,CCOP(=O)(OCC)SCC[N+](C)(C)C,CCOP(=O)(OCC)SCC[N+](C)(C)C,17,False,,
DB01058,,O=C(C1CCCCC1)N1CC2N(CCC3=CC=CC=C23)C(=O)C1,O=C(C1CCCCC1)N1CC(=O)N2CCc3ccccc3C2C1,33,False,,
DB01059,,CCN1C=C(C(O)=O)C(=O)C2=CC(F)=C(C=C12)N1CCNCC1,CCn1cc(C(=O)O)c(=O)c2cc(F)c(N3CCNCC3)cc21,36,False,,
DB01060,,[H][C@]12SC(C)(C)[C@@H](N1C(=O)[C@H]2NC(=O)[C@H](N)C1=CC=C(O)C=C1)C(O)=O,CC1(C)S[C@@H]2[C@H](NC(=O)[C@H](N)c3ccc(O)cc3)C(=O)N2[C@H]1C(=O)O,58,False,,
DB01062,CHEMBL1231,CCN(CC)CC#CCOC(=O)C(O)(C1CCCCC1)C1=CC=CC=C1,CCN(CC)CC#CCOC(=O)C(O)(c1ccccc1)C1CCCCC1,30,False,8.700274846024364,True
DB01063,,CC(=O)C1=CC=C2SC3=C(C=CC=C3)N(CCCN3CCN(CCO)CC3)C2=C1,CC(=O)c1ccc2c(c1)N(CCCN1CCN(CCO)CC1)c1ccccc1S2,41,False,,
DB01064,,CC(C)NCC(O)C1=CC(O)=C(O)C=C1,CC(C)NCC(O)c1ccc(O)c(O)c1,25,False,,
DB01065,,COC1=CC2=C(NC=C2CCNC(C)=O)C=C1,COc1ccc2[nH]cc(CCNC(C)=O)c2c1,24,False,,
DB01067,CHEMBL1073,CC1=NC=C(N=C1)C(=O)NCCC1=CC=C(C=C1)S(=O)(=O)NC(=O)NC1CCCCC1,Cc1cnc(C(=O)NCCc2ccc(S(=O)(=O)NC(=O)NC3CCCCC3)cc2)cn1,44,False,6.400116927926312,False
DB01068,,[O-][N+](=O)C1=CC2=C(NC(=O)CN=C2C2=CC=CC=C2Cl)C=C1,O=C1CN=C(c2ccccc2Cl)c2cc([N+](=O)[O-])ccc2N1,40,False,,
DB01069,,CC(CN1C2=CC=CC=C2SC2=CC=CC=C12)N(C)C,CC(CN1c2ccccc2Sc2ccccc21)N(C)C,30,False,,
DB01070,,CC(C)[C@@H](C)\C=C\[C@@H](C)[C@@]1([H])CC[C@@]2([H])\C(CCC[C@]12C)=C\C=C1/C[C@@H](O)CC[C@@H]1C,CC(C)[C@@H](C)/C=C/[C@@H](C)[C@H]1CC[C@H]2/C(=C/C=C3\C[C@@H](O)CC[C@@H]3C)CCC[C@]12C,70,False,,
DB01071,,C(C1CN2CCC1CC2)N1C2=CC=CC=C2SC2=CC=CC=C12,c1ccc2c(c1)Sc1ccccc1N2CC1CN2CCC1CC2,33,False,,
DB01073,,NC1=NC(F)=NC2=C1N=CN2[C@@H]1O[C@H](CO)[C@@H](O)[C@@H]1O,Nc1nc(F)nc2c1ncn2[C@@H]1O[C@H](CO)[C@@H](O)[C@@H]1O,44,False,,
DB01074,CHEMBL75880,C(C(C1CCCCC1)C1CCCCC1)C1CCCCN1,C1CCC(C(CC2CCCCN2)C2CCCCC2)CC1,20,False,6.291919189531768,False
DB01075,,CN(C)CCOC(C1=CC=CC=C1)C1=CC=CC=C1,CN(C)CCOC(c1ccccc1)c1ccccc1,27,False,,
DB01077,,CC(O)(P(O)(O)=O)P(O)(O)=O,CC(O)(P(=O)(O)O)P(=O)(O)O,21,False,,
DB01079,CHEMBL76370,CCCCCNC(=N)N\N=C\C1=CNC2=C1C=C(OC)C=C2,CCCCCNC(=N)N/N=C/c1c[nH]c2ccc(OC)cc12,30,False,5.504205980225132,False
DB01080,,NC(CCC(O)=O)C=C,C=CC(N)CCC(=O)O,13,False,,
DB01081,,CCOC(=O)C1(CCN(CCC(C#N)(C2=CC=CC=C2)C2=CC=CC=C2)CC1)C1=CC=CC=C1,CCOC(=O)C1(c2ccccc2)CCN(CCC(C#N)(c2ccccc2)c2ccccc2)CC1,49,False,,
DB01083,,CCCCCCCCCCC[C@@H](C[C@@H]1OC(=O)[C@H]1CCCCCC)OC(=O)[C@H](CC(C)C)NC=O,CCCCCCCCCCC[C@@H](C[C@@H]1OC(=O)[C@H]1CCCCCC)OC(=O)[C@H](CC(C)C)NC=O,43,False,,
DB01084,CHEMBL594,CCOCCN1C(=NC2=CC=CC=C12)N1CCCN(C)CC1,CCOCCn1c(N2CCCN(C)CC2)nc2ccccc21,24,False,8.214670164989233,True
DB01085,CHEMBL550,CC[C@H]1[C@@H](CC2=CN=CN2C)COC1=O,CC[C@@H]1C(=O)OC[C@@H]1Cc1cncn1C,27,False,7.173925197299173,False
DB01086,,CCOC(=O)C1=CC=C(N)C=C1,CCOC(=O)c1ccc(N)cc1,19,False,,
DB01087,,COC1=CC(NC(C)CCCN)=C2N=CC=CC2=C1,COc1cc(NC(C)CCCN)c2ncccc2c1,24,False,,
DB01088,,[H][C@]12C[C@@H](O)[C@H](\C=C\[C@@H](O)C(C)CC#CC)[C@@]1([H])C\C(C2)=C\CCCC(O)=O,CC#CCC(C)[C@H](O)/C=C/[C@@H]1[C@H]2C/C(=C/CCCC(=O)O)C[C@H]2C[C@H]1O,60,False,,
DB01090,CHEMBL1271,C[N+]1(CCCCC[N+]2(C)CCCC2)CCCC1,C[N+]1(CCCCC[N+]2(C)CCCC2)CCCC1,21,False,3.1870866433571443,False
DB01091,,CN(CC1=CC=C(C=C1)C(C)(C)C)CC1=CC=CC2=CC=CC=C12,CN(Cc1ccc(C(C)(C)C)cc1)Cc1cccc2ccccc12,38,False,,
DB01093,,CS(C)=O,CS(C)=O,7,False,,
DB01094,,COC1=C(O)C=C(C=C1)[C@@H]1CC(=O)C2=C(O)C=C(O)C=C2O1,COc1ccc([C@@H]2CC(=O)c3c(O)cc(O)cc3O2)cc1O,46,False,,
DB01095,CHEMBL2220442,CC(C)N1C(\C=C\[C@H](O)C[C@H](O)CC(O)=O)=C(C2=CC=C(F)C=C2)C2=CC=CC=C12,CC(C)n1c(/C=C/[C@H](O)C[C@H](O)CC(=O)O)c(-c2ccc(F)cc2)c2ccccc21,59,False,9.452225294612177,True
DB01096,,CC(C)NCC1CCC2=CC(CO)=C(C=C2N1)[N+]([O-])=O,CC(C)NCC1CCc2cc(CO)c([N+](=O)[O-])cc2N1,29,False,,
DB01097,CHEMBL960,CC1=C(C=NO1)C(=O)NC1=CC=C(C=C1)C(F)(F)F,Cc1oncc1C(=O)Nc1ccc(C(F)(F)F)cc1,35,False,8.045757490560675,False
DB01099,,NC1=C(F)C=NC(=O)N1,Nc1[nH]c(=O)ncc1F,17,False,,
DB01100,,FC1=CC=C(C=C1)C(CCCN1CCC(CC1)N1C(=O)NC2=CC=CC=C12)C1=CC=C(F)C=C1,O=c1[nH]c2ccccc2n1C1CCN(CCCC(c2ccc(F)cc2)c2ccc(F)cc2)CC1,52,False,,
DB01101,,CCCCCOC(=O)NC1=NC(=O)N(C=C1F)[C@@H]1O[C@H](C)[C@@H](O)[C@H]1O,CCCCCOC(=O)Nc1nc(=O)n([C@@H]2O[C@H](C)[C@@H](O)[C@H]2O)cc1F,46,False,,
DB01102,,O[C@@H](CNCCCCC1=CC=C(O)C=C1)C1=CC(O)=C(O)C=C1,Oc1ccc(CCCCNC[C@H](O)c2ccc(O)c(O)c2)cc1,38,False,,
DB01103,,CCN(CC)CCCC(C)NC1=C2C=C(OC)C=CC2=NC2=C1C=CC(Cl)=C2,CCN(CC)CCCC(C)Nc1c2ccc(Cl)cc2nc2ccc(OC)cc12,39,False,,
DB01104,CHEMBL809,CN[C@H]1CC[C@@H](C2=CC(Cl)=C(Cl)C=C2)C2=CC=CC=C12,CN[C@H]1CC[C@@H](c2ccc(Cl)c(Cl)c2)c2ccccc21,40,False,9.85078088734462,True
DB01105,,CC(C)CC(N(C)C)C1(CCC1)C1=CC=C(Cl)C=C1,CC(C)CC(N(C)C)C1(c2ccc(Cl)cc2)CCC1,33,False,,
DB01106,,C[C@@H]1CN(CC[C@]1(C(O)=O)C1=CC=CC=C1)[C@H]1CC[C@](CC1)(C#N)C1=CC=C(F)C=C1,C[C@@H]1CN([C@H]2CC[C@](C#N)(c3ccc(F)cc3)CC2)CC[C@]1(C(=O)O)c1ccccc1,62,False,,
DB01107,,CCC1(CC)C(=O)NCC(C)C1=O,CCC1(CC)C(=O)NCC(C)C1=O,19,False,,
DB01108,,[H][C@@]12CC[C@H](O)[C@@]1(C)CC[C@@]1([H])[C@@]2([H])CC[C@@]23O[C@@H]2C(O)=C(C[C@]13C)C#N,C[C@]12CC[C@H]3[C@@H](CC[C@@]45O[C@@H]4C(O)=C(C#N)C[C@]35C)[C@@H]1CC[C@@H]2O,66,False,,
DB01110,,ClC1=CC(Cl)=C(COC(CN2C=CN=C2)C2=C(Cl)C=C(Cl)C=C2)C=C1,Clc1ccc(COC(Cn2ccnc2)c2ccc(Cl)cc2Cl)c(Cl)c1,44,False,,
DB01113,CHEMBL19224,COC1=C(OC)C=C(CC2=NC=CC3=CC(OC)=C(OC)C=C23)C=C1,COc1ccc(Cc2nccc3cc(OC)c(OC)cc23)cc1OC,38,False,10.229147988357855,True
DB01114,,CN(C)CCC(C1=CC=C(Cl)C=C1)C1=CC=CC=N1,CN(C)CCC(c1ccc(Cl)cc1)c1ccccn1,31,False,,
DB01115,,COC(=O)C1=C(C)NC(C)=C(C1C1=CC=CC=C1[N+]([O-])=O)C(=O)OC,COC(=O)C1=C(C)NC(C)=C(C(=O)OC)C1c1ccccc1[N+](=O)[O-],42,False,,
DB01116,CHEMBL1201329,O=C1N(CC2=CC=CC=C2)C2C[S+]3CCCC3C2N1CC1=CC=CC=C1,O=C1N(Cc2ccccc2)C2C[S+]3CCCC3C2N1Cc1ccccc1,40,False,5.150580586203101,False
DB01117,,OC1=C([C@H]2CC[C@@H](CC2)C2=CC=C(Cl)C=C2)C(=O)C2=CC=CC=C2C1=O,O=C1C(O)=C([C@H]2CC[C@H](c3ccc(Cl)cc3)CC2)C(=O)c2ccccc21,52,False,,
DB01119,,CC1=NS(=O)(=O)C2=C(N1)C=CC(Cl)=C2,CC1=NS(=O)(=O)c2cc(Cl)ccc2N1,27,False,,
DB01120,,CC1=CC=C(C=C1)S(=O)(=O)NC(=O)NN1CC2CCCC2C1,Cc1ccc(S(=O)(=O)NC(=O)NN2CC3CCCC3C2)cc1,32,False,,
DB01121,,NC(=O)NC(=O)CC1=CC=CC=C1,NC(=O)NC(=O)Cc1ccccc1,19,False,,
DB01123,CHEMBL55400,NC1=CC2=NC3=C(C=CC(N)=C3)C=C2C=C1,Nc1ccc2cc3ccc(N)cc3nc2c1,30,False,7.67778070526608,False
DB01124,,CCCCNC(=O)NS(=O)(=O)C1=CC=C(C)C=C1,CCCCNC(=O)NS(=O)(=O)c1ccc(C)cc1,25,False,,
DB01125,CHEMBL712,COC1=CC=C(C=C1)C1C(=O)C2=CC=CC=C2C1=O,COc1ccc(C2C(=O)c3ccccc3C2=O)cc1,33,False,5.040958607678906,False
DB01127,,ClC1=CC=C(COC(CN2C=CN=C2)C2=C(Cl)C=C(Cl)C=C2)C=C1,Clc1ccc(COC(Cn2ccnc2)c2ccc(Cl)cc2Cl)cc1,42,False,,
DB01128,CHEMBL409,CC(O)(CS(=O)(=O)C1=CC=C(F)C=C1)C(=O)NC1=CC(=C(C=C1)C#N)C(F)(F)F,CC(O)(CS(=O)(=O)c1ccc(F)cc1)C(=O)Nc1ccc(C#N)c(C(F)(F)F)c1,53,False,8.0,False
DB01129,,COCCCOC1=C(C)C(CS(=O)C2=NC3=CC=CC=C3N2)=NC=C1,COCCCOc1ccnc(CS(=O)c2nc3ccccc3[nH]2)c1C,34,False,,
DB01130,,[H][C@@]12CC[C@](OC(=O)OCC)(C(=O)COC(=O)CC)[C@@]1(C)C[C@H](O)[C@@]1([H])[C@@]2([H])CCC2=CC(=O)C=C[C@]12C,CCOC(=O)O[C@]1(C(=O)COC(=O)CC)CC[C@H]2[C@@H]3CCC4=CC(=O)C=C[C@]4(C)[C@H]3[C@@H](O)C[C@@]21C,71,False,,
DB01132,CHEMBL595,CCC1=CN=C(CCOC2=CC=C(CC3SC(=O)NC3=O)C=C2)C=C1,CCc1ccc(CCOc2ccc(CC3SC(=O)NC3=O)cc2)nc1,36,False,7.154901959985743,False
DB01133,CHEMBL1350,OP(O)(=O)C(SC1=CC=C(Cl)C=C1)P(O)(O)=O,O=P(O)(O)C(Sc1ccc(Cl)cc1)P(=O)(O)O,31,False,5.142667503568732,False
DB01136,,COC1=CC=CC=C1OCCNCC(O)COC1=CC=CC2=C1C1=CC=CC=C1N2,COc1ccccc1OCCNCC(O)COc1cccc2[nH]c3ccccc3c12,37,False,,
DB01137,,C[C@H]1COC2=C3N1C=C(C(O)=O)C(=O)C3=CC(F)=C2N1CCN(C)CC1,C[C@H]1COc2c(N3CCN(C)CC3)c(F)cc3c(=O)c(C(=O)O)cn1c23,47,False,,
DB01138,CHEMBL832,O=C1C(CCS(=O)C2=CC=CC=C2)C(=O)N(N1C1=CC=CC=C1)C1=CC=CC=C1,O=C1C(CCS(=O)c2ccccc2)C(=O)N(c2ccccc2)N1c1ccccc1,49,False,5.0,False
DB01139,,[H][C@]12SCC(COC(C)=O)=C(N1C(=O)[C@H]2NC(=O)CSC1=CC=NC=C1)C(O)=O,CC(=O)OCC1=C(C(=O)O)N2C(=O)[C@@H](NC(=O)CSc3ccncc3)[C@H]2SC1,48,False,,
DB01140,,[H][C@]12SCC(C)=C(N1C(=O)[C@H]2NC(=O)[C@H](N)C1=CC=C(O)C=C1)C(O)=O,CC1=C(C(=O)O)N2C(=O)[C@@H](NC(=O)[C@H](N)c3ccc(O)cc3)[C@H]2SC1,54,False,,
DB01142,,[H]C(CCN(C)C)=C1C2=CC=CC=C2COC2=CC=CC=C12,CN(C)CCC=C1c2ccccc2COc2ccccc21,33,False,,
DB01143,CHEMBL1006,NCCCNCCSP(O)(O)=O,NCCCNCCSP(=O)(O)O,11,False,5.7146677723561154,False
DB01144,,NS(=O)(=O)C1=CC(=C(Cl)C(Cl)=C1)S(N)(=O)=O,NS(=O)(=O)c1cc(Cl)c(Cl)c(S(N)(=O)=O)c1,31,False,,
DB01145,,OS(=O)CNC1=CC=C(C=C1)S(=O)(=O)C1=CC=C(NCS(O)=O)C=C1,O=S(O)CNc1ccc(S(=O)(=O)c2ccc(NCS(=O)O)cc2)cc1,42,False,,
DB01146,,CN1CCC(CC1)OC(C1=CC=CC=C1)C1=CC=CC=C1,CN1CCC(OC(c2ccccc2)c2ccccc2)CC1,30,False,,
DB01147,,[H][C@]12SC(C)(C)[C@@H](N1C(=O)[C@H]2NC(=O)C1=C(C)ON=C1C1=CC=CC=C1Cl)C(O)=O,Cc1onc(-c2ccccc2Cl)c1C(=O)N[C@@H]1C(=O)N2[C@@H]1SC(C)(C)[C@@H]2C(=O)O,60,False,,
DB01148,,CC1=C(OC2=C(C=CC=C2C(=O)OCCN2CCCCC2)C1=O)C1=CC=CC=C1,Cc1c(-c2ccccc2)oc2c(C(=O)OCCN3CCCCC3)cccc2c1=O,41,False,,
DB01149,,CCC1=NN(CCCN2CCN(CC2)C2=CC(Cl)=CC=C2)C(=O)N1CCOC1=CC=CC=C1,CCc1nn(CCCN2CCN(c3cccc(Cl)c3)CC2)c(=O)n1CCOc1ccccc1,41,False,,
DB01150,,[H][C@]12SCC(C=CC)=C(N1C(=O)[C@@]2([H])NC(=O)[C@H](N)C1=CC=C(O)C=C1)C(O)=O,CC=CC1=C(C(=O)O)N2C(=O)[C@@H](NC(=O)[C@H](N)c3ccc(O)cc3)[C@H]2SC1,58,False,,
DB01151,CHEMBL72,CNCCCN1C2=CC=CC=C2CCC2=CC=CC=C12,CNCCCN1c2ccccc2CCc2ccccc21,23,False,9.602059991327964,True
DB01153,,ClC1=CC(Cl)=C(C=C1)C(CN1C=CN=C1)OCC1=CSC2=C1C=CC=C2Cl,Clc1ccc(C(Cn2ccnc2)OCc2csc3c(Cl)cccc23)c(Cl)c1,42,False,,
DB01154,,CCCC(C)C1(CC=C)C(=O)NC(=S)NC1=O,C=CCC1(C(C)CCC)C(=O)NC(=S)NC1=O,25,False,,
DB01155,,CO\N=C1/CN(CC1CN)C1=NC2=C(C=C1F)C(=O)C(=CN2C1CC1)C(O)=O,CO/N=C1\CN(c2nc3c(cc2F)c(=O)c(C(=O)O)cn3C2CC2)CC1CN,47,False,,
DB01156,,CC(NC(C)(C)C)C(=O)C1=CC(Cl)=CC=C1,CC(NC(C)(C)C)C(=O)c1cccc(Cl)c1,27,False,,
DB01157,,COC1=CC(NCC2=C(C)C3=C(C=C2)N=C(N)N=C3N)=CC(OC)=C1OC,COc1cc(NCc2ccc3nc(N)nc(N)c3c2C)cc(OC)c1OC,43,False,,
DB01158,,CC[N+](C)(C)CC1=CC=CC=C1Br,CC[N+](C)(C)Cc1ccccc1Br,20,False,,
DB01159,,[H]C(Cl)(Br)C(F)(F)F,FC(F)(F)C(Cl)Br,18,False,,
DB01160,CHEMBL1200896,NC(CO)(CO)CO.CCCCC[C@H](O)\C=C\[C@H]1[C@H](O)C[C@H](O)[C@@H]1C\C=C/CCCC(O)=O,CCCCC[C@H](O)/C=C/[C@@H]1[C@@H](C/C=C\CCCC(=O)O)[C@@H](O)C[C@H]1O.NC(CO)(CO)CO,58,False,5.557253778171095,False
DB01161,,CCN(CC)CCOC(=O)C1=C(Cl)C=C(N)C=C1,CCN(CC)CCOC(=O)c1ccc(N)cc1Cl,27,False,,
DB01162,,COC1=C(OC)C=C2C(N)=NC(=NC2=C1)N1CCN(CC1)C(=O)C1CCCO1,COc1cc2nc(N3CCN(C(=O)C4CCCO4)CC3)nc(N)c2cc1OC,40,False,,
DB01165,,CC1COC2=C3N1C=C(C(O)=O)C(=O)C3=CC(F)=C2N1CCN(C)CC1,CC1COc2c(N3CCN(C)CC3)c(F)cc3c(=O)c(C(=O)O)cn1c23,42,False,,
DB01166,,O=C1CCC2=C(N1)C=CC(OCCCCC1=NN=NN1C1CCCCC1)=C2,O=C1CCc2cc(OCCCCc3nnnn3C3CCCCC3)ccc2N1,32,False,,
DB01168,,CNNCC1=CC=C(C=C1)C(=O)NC(C)C,CNNCc1ccc(C(=O)NC(C)C)cc1,24,False,,
DB01171,,ClC1=CC=C(C=C1)C(=O)NCCN1CCOCC1,O=C(NCCN1CCOCC1)c1ccc(Cl)cc1,22,False,,
DB01173,,CN(C)CCOC(C1=CC=CC=C1)C1=CC=CC=C1C,Cc1ccccc1C(OCCN(C)C)c1ccccc1,28,False,,
DB01174,,CCC1(C(=O)NC(=O)NC1=O)C1=CC=CC=C1,CCC1(c2ccccc2)C(=O)NC(=O)NC1=O,27,False,,
DB01175,,CN(C)CCC[C@]1(OCC2=C1C=CC(=C2)C#N)C1=CC=C(F)C=C1,CN(C)CCC[C@@]1(c2ccc(F)cc2)OCc2cc(C#N)ccc21,41,False,,
DB01176,,CN1CCN(CC1)C(C1=CC=CC=C1)C1=CC=CC=C1,CN1CCN(C(c2ccccc2)c2ccccc2)CC1,30,False,,
DB01178,,CN1C(C2=CC=C(Cl)C=C2)S(=O)(=O)CCC1=O,CN1C(=O)CCS(=O)(=O)C1c1ccc(Cl)cc1,30,False,,
DB01179,,[H][C@]12COC(=O)[C@]1([H])[C@H](C1=CC(OC)=C(OC)C(OC)=C1)C1=CC3=C(OCO3)C=C1[C@@H]2O,COc1cc([C@@H]2c3cc4c(cc3[C@H](O)[C@H]3COC(=O)[C@H]23)OCO4)cc(OC)c1OC,63,False,,
DB01181,,ClCCNP1(=O)OCCCN1CCCl,O=P1(NCCCl)OCCCN1CCCl,12,False,,
DB01182,,CCCNCC(O)COC1=C(C=CC=C1)C(=O)CCC1=CC=CC=C1,CCCNCC(O)COc1ccccc1C(=O)CCc1ccccc1,31,False,,
DB01183,,OC1=CC=C2C[C@H]3N(CC=C)CC[C@@]45[C@@H](OC1=C24)C(=O)CC[C@@]35O,C=CCN1CC[C@]23c4c5ccc(O)c4O[C@H]2C(=O)CC[C@@]3(O)[C@H]1C5,48,False,,
DB01184,,ClC1=CC2=C(C=C1)N(C1CCN(CCCN3C(=O)NC4=CC=CC=C34)CC1)C(=O)N2,O=c1[nH]c2ccccc2n1CCCN1CCC(n2c(=O)[nH]c3cc(Cl)ccc32)CC1,46,False,,
DB01185,,[H][C@@]12CC[C@](C)(O)[C@@]1(C)C[C@H](O)[C@@]1(F)[C@@]2([H])CCC2=CC(=O)CC[C@]12C,C[C@]1(O)CC[C@H]2[C@@H]3CCC4=CC(=O)CC[C@]4(C)[C@@]3(F)[C@@H](O)C[C@@]21C,56,False,,
DB01186,,[H][C@@]12CC3=CNC4=CC=CC(=C34)[C@@]1([H])C[C@@H](CSC)CN2CCC,CCCN1C[C@H](CSC)C[C@@H]2c3cccc4[nH]cc(c34)C[C@H]21,39,False,,
DB01187,,CCOC(=O)CCCCCCCCC(C)C1=CC=CC=C1I,CCOC(=O)CCCCCCCCC(C)c1ccccc1I,21,False,,
DB01188,CHEMBL1413,CC1=CC(=O)N(O)C(=C1)C1CCCCC1,Cc1cc(C2CCCCC2)n(O)c(=O)c1,22,False,6.698970004336019,False
DB01189,,FC(F)OC(F)C(F)(F)F,FC(F)OC(F)C(F)(F)F,17,False,,
DB01190,CHEMBL1753,CCC[C@@H]1C[C@H](N(C)C1)C(=O)NC(C(C)Cl)[C@H]1O[C@H](SC)[C@H](O)[C@@H](O)[C@H]1O,CCC[C@@H]1C[C@@H](C(=O)NC(C(C)Cl)[C@H]2O[C@H](SC)[C@H](O)[C@@H](O)[C@H]2O)N(C)C1,65,False,8.886056647693163,True
DB01191,CHEMBL248702,CCN[C@@H](C)CC1=CC=CC(=C1)C(F)(F)F,CCN[C@@H](C)Cc1cccc(C(F)(F)F)c1,27,False,6.287350298372789,False
DB01192,,[H][C@@]12OC3=C(O)C=CC4=C3[C@@]11CCN(C)[C@]([H])(C4)[C@]1(O)CCC2=O,CN1CC[C@]23c4c5ccc(O)c4O[C@H]2C(=O)CC[C@@]3(O)[C@H]1C5,49,False,,
DB01193,,CCCC(=O)NC1=CC=C(OCC(O)CNC(C)C)C(=C1)C(C)=O,CCCC(=O)Nc1ccc(OCC(O)CNC(C)C)c(C(C)=O)c1,33,False,,
DB01194,,CCN[C@H]1CN(CCCOC)S(=O)(=O)C2=C1C=C(S2)S(N)(=O)=O,CCN[C@H]1CN(CCCOC)S(=O)(=O)c2sc(S(N)(=O)=O)cc21,38,False,,
DB01195,,FC(F)(F)COC1=CC(C(=O)NCC2CCCCN2)=C(OCC(F)(F)F)C=C1,O=C(NCC1CCCCN1)c1cc(OCC(F)(F)F)ccc1OCC(F)(F)F,36,False,,
DB01196,CHEMBL1575,[H][C@@]12CC[C@H](O)[C@@]1(C)CC[C@]1([H])C3=CC=C(OC(=O)N(CCCl)CCCl)C=C3CC[C@@]21[H],C[C@]12CC[C@@H]3c4ccc(OC(=O)N(CCCl)CCCl)cc4CC[C@H]3[C@@H]1CC[C@@H]2O,60,False,5.468521082957745,False
DB01197,,C[C@H](CS)C(=O)N1CCC[C@H]1C(O)=O,C[C@H](CS)C(=O)N1CCC[C@H]1C(=O)O,28,False,,
DB01198,,CN1CCN(CC1)C(=O)OC1N(C(=O)C2=NC=CN=C12)C1=NC=C(Cl)C=C1,CN1CCN(C(=O)OC2c3nccnc3C(=O)N2c2ccc(Cl)cn2)CC1,44,False,,
DB01202,,CC[C@H](N1CCCC1=O)C(N)=O,CC[C@@H](C(N)=O)N1CCCC1=O,20,False,,
DB01203,,CC(C)(C)NCC(O)COC1=CC=CC2=C1C[C@H](O)[C@H](O)C2,CC(C)(C)NCC(O)COc1cccc2c1C[C@H](O)[C@H](O)C2,38,False,,
DB01205,CHEMBL407,CCOC(=O)C1=C2CN(C)C(=O)C3=C(C=CC(F)=C3)N2C=N1,CCOC(=O)c1ncn2c1CN(C)C(=O)c1cc(F)ccc1-2,39,False,9.30102999566398,True
DB01206,,ClCCN(N=O)C(=O)NC1CCCCC1,O=NN(CCCl)C(=O)NC1CCCCC1,17,False,,
DB01207,CHEMBL280728,OC(=O)CCCCO\N=C(\C1=CN=CC=C1)C1=CC(=CC=C1)C(F)(F)F,O=C(O)CCCCO/N=C(/c1cccnc1)c1cccc(C(F)(F)F)c1,39,False,8.522878745280337,True
DB01208,,C[C@H]1CN(C[C@@H](C)N1)C1=C(F)C(N)=C2C(=O)C(=CN(C3CC3)C2=C1F)C(O)=O,C[C@@H]1CN(c2c(F)c(N)c3c(=O)c(C(=O)O)cn(C4CC4)c3c2F)C[C@H](C)N1,60,False,,
DB01209,,[H][C@@]12CC3=CC=C(O)C=C3[C@@](C)(CCCCC1)[C@H]2N,C[C@@]12CCCCC[C@@H](Cc3ccc(O)cc31)[C@@H]2N,35,False,,
DB01210,CHEMBL1201237,CC(C)(C)NC[C@H](O)COC1=CC=CC2=C1CCCC2=O,CC(C)(C)NC[C@H](O)COc1cccc2c1CCCC2=O,30,False,9.100726812682396,True
DB01213,,CC1=CNN=C1,Cc1cn[nH]c1,9,False,,
DB01214,,CC(C)NCC(O)COC1=C(C)C(C)=C(OC(C)=O)C(C)=C1,CC(=O)Oc1c(C)cc(OCC(O)CNC(C)C)c(C)c1C,35,False,,
DB01215,,ClC1=CC2=C(C=C1)N1C=NN=C1CN=C2C1=CC=CC=C1,Clc1ccc2c(c1)C(c1ccccc1)=NCc1nncn1-2,36,False,,
DB01216,,[H][C@@]12CC[C@H](C(=O)NC(C)(C)C)[C@@]1(C)CC[C@@]1([H])[C@@]2([H])CC[C@@]2([H])NC(=O)C=C[C@]12C,CC(C)(C)NC(=O)[C@H]1CC[C@H]2[C@@H]3CC[C@H]4NC(=O)C=C[C@]4(C)[C@H]3CC[C@]12C,69,False,,
DB01217,CHEMBL1399,CC(C)(C#N)C1=CC(=CC(CN2C=NC=N2)=C1)C(C)(C)C#N,CC(C)(C#N)c1cc(Cn2cncn2)cc(C(C)(C)C#N)c1,38,False,8.823908740944319,True
DB01219,,[O-][N+](=O)C1=CC=C(C=C1)C1=CC=C(O1)\C=N\N1CC(=O)NC1=O,O=C1CN(/N=C/c2ccc(-c3ccc([N+](=O)[O-])cc3)o2)C(=O)N1,45,False,,
DB01221,CHEMBL742,CNC1(CCCCC1=O)C1=CC=CC=C1Cl,CNC1(c2ccccc2Cl)CCCCC1=O,20,False,6.214670164989233,False
DB01222,,[H][C@@]12C[C@H]3OC(CCC)O[C@@]3(C(=O)CO)[C@@]1(C)C[C@H](O)[C@@]1([H])[C@@]2([H])CCC2=CC(=O)C=C[C@]12C,CCCC1O[C@@H]2C[C@H]3[C@@H]4CCC5=CC(=O)C=C[C@]5(C)[C@H]4[C@@H](O)C[C@]3(C)[C@]2(C(=O)CO)O1,74,False,,
DB01223,,NCCN.CN1C2=C(NC=N2)C(=O)N(C)C1=O.CN1C2=C(NC=N2)C(=O)N(C)C1=O,Cn1c(=O)c2[nH]cnc2n(C)c1=O.Cn1c(=O)c2[nH]cnc2n(C)c1=O.NCCN,53,False,,
DB01224,CHEMBL716,OCCOCCN1CCN(CC1)C1=NC2=CC=CC=C2SC2=CC=CC=C12,OCCOCCN1CCN(C2=Nc3ccccc3Sc3ccccc32)CC1,31,False,7.610833915635467,False
DB01227,,CC[C@H](OC(C)=O)C(C[C@H](C)N(C)C)(C1=CC=CC=C1)C1=CC=CC=C1,CC[C@H](OC(C)=O)C(C[C@H](C)N(C)C)(c1ccccc1)c1ccccc1,49,False,,
DB01228,,COC1=CC=C(C=C1)C(=O)NC1=CC=CC=C1CCC1CCCCN1C,COc1ccc(C(=O)Nc2ccccc2CCC2CCCCN2C)cc1,32,False,,
DB01231,,OC(CCCN1CCCCC1)(C1=CC=CC=C1)C1=CC=CC=C1,OC(CCCN1CCCCC1)(c1ccccc1)c1ccccc1,28,False,,
DB01233,,CCN(CC)CCNC(=O)C1=CC(Cl)=C(N)C=C1OC,CCN(CC)CCNC(=O)c1cc(Cl)c(N)cc1OC,26,False,,
DB01234,,[H][C@@]12C[C@@H](C)[C@](O)(C(=O)CO)[C@@]1(C)C[C@H](O)[C@@]1(F)[C@@]2([H])CCC2=CC(=O)C=C[C@]12C,C[C@@H]1C[C@H]2[C@@H]3CCC4=CC(=O)C=C[C@]4(C)[C@@]3(F)[C@@H](O)C[C@]2(C)[C@@]1(O)C(=O)CO,68,False,,
DB01235,,N[C@@H](CC1=CC(O)=C(O)C=C1)C(O)=O,N[C@@H](Cc1ccc(O)c(O)c1)C(=O)O,29,False,,
DB01236,,FCOC(C(F)(F)F)C(F)(F)F,FCOC(C(F)(F)F)C(F)(F)F,20,False,,
DB01237,,CN(C)CCOC(C1=CC=CC=C1)C1=CC=C(Br)C=C1,CN(C)CCOC(c1ccccc1)c1ccc(Br)cc1,31,False,,
DB01238,,ClC1=CC=CC(N2CCN(CCCCOC3=CC4=C(CCC(=O)N4)C=C3)CC2)=C1Cl,O=C1CCc2ccc(OCCCCN3CCN(c4cccc(Cl)c4Cl)CC3)cc2N1,39,False,,
DB01239,,CN(C)CC\C=C1\C2=CC=CC=C2SC2=CC=C(Cl)C=C12,CN(C)CC/C=C1/c2ccccc2Sc2ccc(Cl)cc21,35,False,,
DB01240,,[H][C@]12C[C@@H](O)[C@H](\C=C\[C@@H](O)CCCCC)[C@@]1([H])C\C(O2)=C\CCCC(O)=O,CCCCC[C@H](O)/C=C/[C@@H]1[C@H]2C/C(=C/CCCC(=O)O)O[C@H]2C[C@H]1O,54,False,,
DB01241,,CC1=CC(OCCCC(C)(C)C(O)=O)=C(C)C=C1,Cc1ccc(C)c(OCCCC(C)(C)C(=O)O)c1,27,False,,
DB01242,,CN(C)CCCN1C2=CC=CC=C2CCC2=C1C=C(Cl)C=C2,CN(C)CCCN1c2ccccc2CCc2ccc(Cl)cc21,32,False,,
DB01243,CHEMBL1200596,OC1=C(Cl)C=C(Cl)C2=C1N=CC=C2,Oc1c(Cl)cc(Cl)c2cccnc12,26,False,7.405165644416682,False
DB01244,CHEMBL1008,CC(C)COCC(CN(CC1=CC=CC=C1)C1=CC=CC=C1)N1CCCC1,CC(C)COCC(CN(Cc1ccccc1)c1ccccc1)N1CCCC1,34,False,7.639974910810602,False
DB01245,,C[N+](C)(C)CCCCCCCCCC[N+](C)(C)C,C[N+](C)(C)CCCCCCCCCC[N+](C)(C)C,20,False,,
DB01246,,CC(CN(C)C)CN1C2=CC=CC=C2SC2=CC=CC=C12,CC(CN(C)C)CN1c2ccccc2Sc2ccccc21,30,False,,
DB01247,,CC1=CC(=NO1)C(=O)NNCC1=CC=CC=C1,Cc1cc(C(=O)NNCc2ccccc2)no1,24,False,,
DB01250,,OC(=O)C1=CC(=CC=C1O)\N=N\C1=CC=C(O)C(=C1)C(O)=O,O=C(O)c1cc(/N=N/c2ccc(O)c(C(=O)O)c2)ccc1O,40,False,,
DB01252,,[H][C@@](CC(=O)N1C[C@@]2([H])CCCC[C@@]2([H])C1)(CC1=CC=CC=C1)C(O)=O,O=C(O)[C@H](CC(=O)N1C[C@H]2CCCC[C@H]2C1)Cc1ccccc1,49,False,,
DB01253,,[H][C@@]12CC3=CNC4=CC=CC(=C34)C1=C[C@H](CN2C)C(=O)N[C@@H](C)CO,C[C@@H](CO)NC(=O)[C@@H]1C=C2c3cccc4[nH]cc(c34)C[C@H]2N(C)C1,47,False,,
DB01254,,CC1=NC(NC2=NC=C(S2)C(=O)NC2=C(C)C=CC=C2Cl)=CC(=N1)N1CCN(CCO)CC1,Cc1nc(Nc2ncc(C(=O)Nc3c(C)cccc3Cl)s2)cc(N2CCN(CCO)CC2)n1,49,False,,
DB01255,,C[C@@H](CC1=CC=CC=C1)NC(=O)[C@@H](N)CCCCN,C[C@@H](Cc1ccccc1)NC(=O)[C@@H](N)CCCCN,29,False,,
DB01260,,[H][C@@]12C[C@H]3OC(C)(C)O[C@@]3(C(=O)CO)[C@@]1(C)C[C@H](O)[C@@]1([H])[C@@]2([H])CCC2=CC(=O)C=C[C@]12C,CC1(C)O[C@@H]2C[C@H]3[C@@H]4CCC5=CC(=O)C=C[C@]5(C)[C@H]4[C@@H](O)C[C@]3(C)[C@]2(C(=O)CO)O1,76,False,,
DB01261,,N[C@@H](CC(=O)N1CCN2C(C1)=NN=C2C(F)(F)F)CC1=CC(F)=C(F)C=C1F,N[C@@H](CC(=O)N1CCn2c(nnc2C(F)(F)F)C1)Cc1cc(F)c(F)cc1F,49,False,,
DB01262,,NC1=NC(=O)N(C=N1)[C@H]1C[C@H](O)[C@@H](CO)O1,Nc1ncn([C@H]2C[C@H](O)[C@@H](CO)O2)c(=O)n1,37,False,,
DB01265,,CC1=CN([C@@H]2C[C@@H](O)[C@H](CO)O2)C(=O)NC1=O,Cc1cn([C@@H]2C[C@@H](O)[C@H](CO)O2)c(=O)[nH]c1=O,37,False,,
DB01267,,CC1=C(CCN2CCC(CC2)C2=NOC3=C2C=CC(F)=C3)C(=O)N2CCCC(O)C2=N1,Cc1nc2n(c(=O)c1CCN1CCC(c3noc4cc(F)ccc34)CC1)CCCC2O,46,False,,
DB01268,,CCN(CC)CCNC(=O)C1=C(C)NC(\C=C2/C(=O)NC3=C2C=C(F)C=C3)=C1C,CCN(CC)CCNC(=O)c1c(C)[nH]c(/C=C2\C(=O)Nc3ccc(F)cc32)c1C,47,False,,
DB01273,,C1C2CNCC1C1=C2C=C2N=CC=NC2=C1,c1cnc2cc3c(cc2n1)C1CNCC3C1,26,False,,
DB01274,,COC1=CC=C(C[C@@H](C)NC[C@H](O)C2=CC(NC=O)=C(O)C=C2)C=C1,COc1ccc(C[C@@H](C)NC[C@H](O)c2ccc(O)c(NC=O)c2)cc1,47,False,,
DB01275,CHEMBL276832,NNC1=NN=CC2=CC=CC=C12,NNc1nncc2ccccc12,16,False,6.376750709602099,False
DB01283,,CC1=CC=C(NC2=C(Cl)C=CC=C2F)C(CC(O)=O)=C1,Cc1ccc(Nc2c(F)cccc2Cl)c(CC(=O)O)c1,34,False,,
DB01288,CHEMBL32800,CC(CC1=CC=C(O)C=C1)NCC(O)C1=CC(O)=CC(O)=C1,CC(Cc1ccc(O)cc1)NCC(O)c1cc(O)cc(O)c1,35,False,7.221848749616356,False
DB01291,,CC(C)(C)NCC(O)C1=NC(CO)=C(O)C=C1,CC(C)(C)NCC(O)c1ccc(O)c(CO)n1,27,False,,
DB01295,,COC1=C(OC)C=C(CCNCC(O)COC2=CC=CC(C)=C2)C=C1,COc1ccc(CCNCC(O)COc2cccc(C)c2)cc1OC,33,False,,
DB01296,,N[C@H]1C(O)O[C@H](CO)[C@@H](O)[C@@H]1O,N[C@H]1C(O)O[C@H](CO)[C@@H](O)[C@@H]1O,33,False,,
DB01297,,CC(C)NCC(O)COC1=CC=C(NC(C)=O)C=C1,CC(=O)Nc1ccc(OCC(O)CNC(C)C)cc1,27,False,,
DB01298,,CCN1C=CC(NS(=O)(=O)C2=CC=C(N)C=C2)=NC1=O,CCn1ccc(NS(=O)(=O)c2ccc(N)cc2)nc1=O,32,False,,
DB01299,,COC1=NC=NC(NS(=O)(=O)C2=CC=C(N)C=C2)=C1OC,COc1ncnc(NS(=O)(=O)c2ccc(N)cc2)c1OC,32,False,,
DB01303,,C[N+](C)(C)CCO.CN1C2=C([N-]C=N2)C(=O)N(C)C1=O,C[N+](C)(C)CCO.Cn1c(=O)c2[n-]cnc2n(C)c1=O,38,False,,
DB01320,,OP(O)(=O)OCN1C(=O)NC(C1=O)(C1=CC=CC=C1)C1=CC=CC=C1,O=C1NC(c2ccccc2)(c2ccccc2)C(=O)N1COP(=O)(O)O,40,False,,
DB01322,,COC1=CC(=O)OC(C1)\C=C\C1=CCCC=C1,COC1=CC(=O)OC(/C=C/C2=CCCC=C2)C1,25,False,,
DB01324,,CN1C(CSCC(F)(F)F)NC2=CC(Cl)=C(C=C2S1(=O)=O)S(N)(=O)=O,CN1C(CSCC(F)(F)F)Nc2cc(Cl)c(S(N)(=O)=O)cc2S1(=O)=O,41,False,,
DB01325,,CCC1NC(=O)C2=CC(=C(Cl)C=C2N1)S(N)(=O)=O,CCC1NC(=O)c2cc(S(N)(=O)=O)c(Cl)cc2N1,31,False,,
DB01333,,[H][C@]12SCC(C)=C(N1C(=O)[C@H]2NC(=O)[C@H](N)C1=CCC=CC1)C(O)=O,CC1=C(C(=O)O)N2C(=O)[C@@H](NC(=O)[C@H](N)C3=CCC=CC3)[C@H]2SC1,48,False,,
DB01340,,CCOC(=O)[C@H](CCC1=CC=CC=C1)N[C@H]1CCCN2CCC[C@H](N2C1=O)C(O)=O,CCOC(=O)[C@H](CCc1ccccc1)N[C@H]1CCCN2CCC[C@@H](C(=O)O)N2C1=O,47,False,,
DB01348,,CCOC(=O)[C@H](CCC1=CC=CC=C1)N[C@@H](C)C(=O)N1CC2(C[C@H]1C(O)=O)SCCS2,CCOC(=O)[C@H](CCc1ccccc1)N[C@@H](C)C(=O)N1CC2(C[C@H]1C(=O)O)SCCS2,52,False,,
DB01349,,CC1=NC(C)=C2CCC(=O)N(CC3=CC=C(C=C3)C3=CC=CC=C3C3=NNN=N3)C2=N1,Cc1nc(C)c2c(n1)N(Cc1ccc(-c3ccccc3-c3nn[nH]n3)cc1)C(=O)CC2,51,False,,
DB01351,,CCC1(CCC(C)C)C(=O)NC(=O)NC1=O,CCC1(CCC(C)C)C(=O)NC(=O)NC1=O,23,False,,
DB01352,,CC(C)C1(CC=C)C(=O)NC(=O)NC1=O,C=CCC1(C(C)C)C(=O)NC(=O)NC1=O,25,False,,
DB01353,,CCCCC1(CC)C(=O)NC(=O)NC1=O,CCCCC1(CC)C(=O)NC(=O)NC1=O,19,False,,
DB01354,,CCC1(C(=O)NC(=O)NC1=O)C1=CCCCCC1,CCC1(C2=CCCCCC2)C(=O)NC(=O)NC1=O,23,False,,
DB01355,,CN1C(=O)NC(=O)C(C)(C1=O)C1=CCCCC1,CN1C(=O)NC(=O)C(C)(C2=CCCCC2)C1=O,26,False,,
DB01357,,[H][C@@]12CC[C@@](O)(C#C)[C@@]1(C)CC[C@]1([H])C3=C(CC[C@@]21[H])C=C(OC)C=C3,C#C[C@]1(O)CC[C@H]2[C@@H]3CCc4cc(OC)ccc4[C@H]3CC[C@@]21C,57,False,,
DB01359,,CC(C)(C)NC[C@H](O)COC1=CC=CC=C1C1CCCC1,CC(C)(C)NC[C@H](O)COc1ccccc1C1CCCC1,29,False,,
DB01364,,CN[C@@H](C)[C@H](O)C1=CC=CC=C1,CN[C@@H](C)[C@H](O)c1ccccc1,25,False,,
DB01365,,CNC(C)(C)CC1=CC=CC=C1,CNC(C)(C)Cc1ccccc1,17,False,,
DB01366,,CC[C@H](NC(C)C)[C@H](O)C1=C2C=CC(=O)NC2=C(O)C=C1,CC[C@H](NC(C)C)[C@H](O)c1ccc(O)c2[nH]c(=O)ccc12,42,False,,
DB01367,CHEMBL887,C#CCN[C@@H]1CCC2=CC=CC=C12,C#CCN[C@@H]1CCc2ccccc21,20,False,10.30102999566398,True
DB01377,,[O--].[Mg++],[Mg+2].[O-2],12,False,,
DB01380,,[H][C@@]12CC[C@](O)(C(=O)COC(C)=O)[C@@]1(C)CC(=O)[C@@]1([H])[C@@]2([H])CCC2=CC(=O)CC[C@]12C,CC(=O)OCC(=O)[C@@]1(O)CC[C@H]2[C@@H]3CCC4=CC(=O)CC[C@]4(C)[C@H]3C(=O)C[C@@]21C,61,False,,
DB01382,,COCCOC1=CN=C(NS(=O)(=O)C2=CC=CC=C2)N=C1,COCCOc1cnc(NS(=O)(=O)c2ccccc2)nc1,29,False,,
DB01384,,[H][C@@]12C[C@@H](C)[C@](O)(C(=O)CO)[C@@]1(C)C[C@H](O)[C@@]1([H])[C@@]2([H])C[C@H](F)C2=CC(=O)C=C[C@]12C,C[C@@H]1C[C@H]2[C@@H]3C[C@H](F)C4=CC(=O)C=C[C@]4(C)[C@H]3[C@@H](O)C[C@]2(C)[C@@]1(O)C(=O)CO,77,False,,
DB01390,,[Na+].OC([O-])=O,O=C([O-])O.[Na+],12,False,,
DB01392,,[H][C@@]12CC[C@H](O)[C@H](C(=O)OC)[C@@]1([H])C[C@]1([H])N(CCC3=C1NC1=CC=CC=C31)C2,COC(=O)[C@@H]1[C@H]2C[C@H]3c4[nH]c5ccccc5c4CCN3C[C@@H]2CC[C@@H]1O,61,False,,
DB01393,,CC(C)(OC1=CC=C(CCNC(=O)C2=CC=C(Cl)C=C2)C=C1)C(O)=O,CC(C)(Oc1ccc(CCNC(=O)c2ccc(Cl)cc2)cc1)C(=O)O,41,False,,
DB01394,,COC1=CC2=C(C(OC)=C1OC)C1=CC=C(OC)C(=O)C=C1C(CC2)NC(C)=O,COc1cc2c(c(OC)c1OC)-c1ccc(OC)c(=O)cc1C(NC(C)=O)CC2,45,False,,
DB01395,,[H][C@@]12C[C@]1([H])[C@@]1([H])[C@]3([H])[C@]4([H])C[C@]4([H])[C@@]4(CCC(=O)O4)[C@@]3(C)CC[C@]1([H])[C@@]1(C)CCC(=O)C=C21,C[C@]12CCC(=O)C=C1[C@@H]1C[C@@H]1[C@H]1[C@@H]3[C@@H]4C[C@@H]4[C@@]4(CCC(=O)O4)[C@@]3(C)CC[C@@H]12,87,False,,
DB01397,,[Mg++].OC1=CC=CC=C1C([O-])=O.OC1=CC=CC=C1C([O-])=O,O=C([O-])c1ccccc1O.O=C([O-])c1ccccc1O.[Mg+2],37,False,,
DB01399,,OC(=O)C1=CC=CC=C1OC(=O)C1=CC=CC=C1O,O=C(Oc1ccccc1C(=O)O)c1ccccc1O,29,False,,
DB01403,,COC1=CC2=C(SC3=C(C=CC=C3)N2C[C@H](C)CN(C)C)C=C1,COc1ccc2c(c1)N(C[C@H](C)CN(C)C)c1ccccc1S2,42,False,,
DB01406,CHEMBL1479,[H][C@@]12CC[C@@](O)(C#C)[C@@]1(C)CC[C@@]1([H])[C@@]2([H])CCC2=CC3=C(C[C@]12C)C=NO3,C#C[C@]1(O)CC[C@H]2[C@@H]3CCC4=Cc5oncc5C[C@]4(C)[C@H]3CC[C@@]21C,59,False,7.920818753952375,False
DB01407,CHEMBL49080,CC(C)(C)NCC(O)C1=CC(Cl)=C(N)C(Cl)=C1,CC(C)(C)NCC(O)c1cc(Cl)c(N)c(Cl)c1,29,False,7.387216143280264,False
DB01408,,CN(C)C(=O)OC1=CC(=CC(OC(=O)N(C)C)=C1)C(O)CNC(C)(C)C,CN(C)C(=O)Oc1cc(OC(=O)N(C)C)cc(C(O)CNC(C)(C)C)c1,41,False,,
DB01409,,[H][C@]12O[C@@]1([H])[C@]1([H])C[C@@]([H])(C[C@@]2([H])[N+]1(C)C)OC(=O)C(O)(C1=CC=CS1)C1=CC=CS1,C[N+]1(C)[C@@H]2C[C@@H](OC(=O)C(O)(c3cccs3)c3cccs3)C[C@H]1[C@@H]1O[C@@H]12,71,False,,
DB01411,CHEMBL21333,O=C(NC1=C2OC(=CC(=O)C2=CC=C1)C1=NNN=N1)C1=CC=C(OCCCCC2=CC=CC=C2)C=C1,O=C(Nc1cccc2c(=O)cc(-c3nn[nH]n3)oc12)c1ccc(OCCCCc2ccccc2)cc1,54,False,10.356547323513812,True
DB01412,,CN1C=NC2=C1C(=O)NC(=O)N2C,Cn1cnc2c1c(=O)[nH]c(=O)n2C,22,False,,
DB01414,,[H][C@]12SCC(COC(C)=O)=C(N1C(=O)[C@H]2NC(=O)CC#N)C(O)=O,CC(=O)OCC1=C(C(=O)O)N2C(=O)[C@@H](NC(=O)CC#N)[C@H]2SC1,42,False,,
DB01418,,CC(=O)CC(C1=CC=C(C=C1)[N+]([O-])=O)C1=C(O)C2=CC=CC=C2OC1=O,CC(=O)CC(c1ccc([N+](=O)[O-])cc1)c1c(O)c2ccccc2oc1=O,46,False,,
DB01420,,[H][C@@]12CC[C@H](OC(=O)CC)[C@@]1(C)CC[C@@]1([H])[C@@]2([H])CCC2=CC(=O)CC[C@]12C,CCC(=O)O[C@H]1CC[C@H]2[C@@H]3CCC4=CC(=O)CC[C@]4(C)[C@H]3CC[C@]12C,55,False,,
DB01422,,OC1=C2N=CC=CC2=C(C=C1)[N+]([O-])=O,O=[N+]([O-])c1ccc(O)c2ncccc12,26,False,,
DB01423,CHEMBL2107531,CC(SC(=O)C1=CC=CS1)C(=O)NCC(O)=O,CC(SC(=O)c1cccs1)C(=O)NCC(=O)O,25,False,3.876148359032914,False
DB01424,,CN(C)C1=C(C)N(C)N(C1=O)C1=CC=CC=C1,Cc1c(N(C)C)c(=O)n(-c2ccccc2)n1C,33,False,,
DB01425,,COC1=CC2=NNN=C2C=C1C(=O)NCC1CCCN1CC=C,C=CCN1CCCC1CNC(=O)c1cc2n[nH]nc2cc1OC,27,False,,
DB01426,,CC[C@H]1[C@@H]2C[C@H]3[C@@H]4N(C)C5=CC=CC=C5[C@]44C[C@@H](C2[C@H]4O)N3[C@@H]1O,CC[C@H]1[C@@H]2C[C@H]3[C@@H]4N(C)c5ccccc5[C@]45C[C@@H](C2[C@H]5O)N3[C@@H]1O,71,False,,
DB01427,CHEMBL12856,NC1=CC(=CNC1=O)C1=CC=NC=C1,Nc1cc(-c2ccncc2)c[nH]c1=O,21,False,5.318758762624412,False
DB01428,,COC1=CC(O)=C(C=C1)C(=O)C1=CC=CC=C1,COc1ccc(C(=O)c2ccccc2)c(O)c1,29,False,,
DB01429,,CCN(CC)CCCN(C1CC2=CC=CC=C2C1)C1=CC=CC=C1,CCN(CC)CCCN(c1ccccc1)C1Cc2ccccc2C1,31,False,,
DB01431,,[H][C@@]12CC[C@@](O)(CC=C)[C@@]1(C)CC[C@]1([H])[C@@]3([H])CCCC=C3CC[C@@]21[H],C=CC[C@]1(O)CC[C@H]2[C@@H]3CCC4=CCCC[C@@H]4[C@H]3CC[C@@]21C,52,False,,
DB01433,,CCC(OC(C)=O)C(CC(C)N(C)C)(C1=CC=CC=C1)C1=CC=CC=C1,CCC(OC(C)=O)C(CC(C)N(C)C)(c1ccccc1)c1ccccc1,41,False,,
DB01435,,CN1N(C(=O)C=C1C)C1=CC=CC=C1,Cc1cc(=O)n(-c2ccccc2)n1C,25,False,,
DB01436,,CC(C)CCC[C@@H](C)[C@@]1([H])CC[C@@]2([H])\C(CCC[C@]12C)=C\C=C1\C[C@@H](O)C[C@H](O)C1=C,C=C1/C(=C\C=C2/CCC[C@]3(C)[C@@H]([C@H](C)CCCC(C)C)CC[C@@H]23)C[C@@H](O)C[C@@H]1O,66,False,,
DB01437,,CCC1(CCC(=O)NC1=O)C1=CC=CC=C1,CCC1(c2ccccc2)CCC(=O)NC1=O,23,False,,
DB01438,,NC1=NC(N)=C(C=C1)\N=N\C1=CC=CC=C1,Nc1ccc(/N=N/c2ccccc2)c(N)n1,29,False,,
DB01440,,OCCCC(O)=O,O=C(O)CCCO,7,False,,
DB01452,,[H][C@@]12C=C[C@H](OC(C)=O)[C@@H]3OC4=C(OC(C)=O)C=CC5=C4[C@]13CCN(C)[C@@H]2C5,CC(=O)Oc1ccc2c3c1O[C@H]1[C@@H](OC(C)=O)C=C[C@H]4[C@@H](C2)N(C)CC[C@@]341,60,False,,
DB01463,,CCNC1C2CCC(C2)C1C1=CC=CC=C1,CCNC1C2CCC(C2)C1c1ccccc1,22,False,,
DB01466,,[H][C@@]12OC3=C(OCC)C=CC4=C3[C@@]11CCN(C)[C@]([H])(C4)[C@]1([H])C=C[C@@H]2O,CCOc1ccc2c3c1O[C@H]1[C@@H](O)C=C[C@H]4[C@@H](C2)N(C)CC[C@@]341,56,False,,
DB01482,,CC(CC1=CC=CC=C1)NCCN1C=NC2=C1C(=O)N(C)C(=O)N2C,CC(Cc1ccccc1)NCCn1cnc2c1c(=O)n(C)c(=O)n2C,38,False,,
DB01489,,CN(C)C(=O)OC1N=C(C2=CC=CC=C2)C2=C(C=CC(Cl)=C2)N(C)C1=O,CN(C)C(=O)OC1N=C(c2ccccc2)c2cc(Cl)ccc2N(C)C1=O,48,False,,
DB01501,,OC(=O)C1(CCN(CCC(C#N)(C2=CC=CC=C2)C2=CC=CC=C2)CC1)C1=CC=CC=C1,N#CC(CCN1CCC(C(=O)O)(c2ccccc2)CC1)(c1ccccc1)c1ccccc1,49,False,,
DB01511,,ClC1=CC2=C(NC(=O)CN=C2C2=CC=CC=C2Cl)C=C1,O=C1CN=C(c2ccccc2Cl)c2cc(Cl)ccc2N1,33,False,,
DB01544,CHEMBL13280,CN1C2=C(C=C(C=C2)[N+]([O-])=O)C(=NCC1=O)C1=CC=CC=C1F,CN1C(=O)CN=C(c2ccccc2F)c2cc([N+](=O)[O-])ccc21,41,False,8.823908740944319,True
DB01545,,CCOC(=O)C1N=C(C2=CC=CC=C2F)C2=C(NC1=O)C=CC(Cl)=C2,CCOC(=O)C1N=C(c2ccccc2F)c2cc(Cl)ccc2NC1=O,41,False,,
DB01550,,CC(CC1=CC=CC=C1)NCCC#N,CC(Cc1ccccc1)NCCC#N,17,False,,
DB01551,,[H][C@@]12OC3=C4C(C[C@H]5N(C)CC[C@@]14[C@@]5([H])CC[C@@H]2O)=CC=C3OC,COc1ccc2c3c1O[C@H]1[C@@H](O)CC[C@H]4[C@@H](C2)N(C)CC[C@@]341,54,False,,
DB01553,,ClC1=CC2=C(NC(=O)CN3CCOC23C2=CC=CC=C2Cl)C=C1,O=C1CN2CCOC2(c2ccccc2Cl)c2cc(Cl)ccc2N1,33,False,,
DB01558,,BrC1=CC2=C(NC(=O)CN=C2C2=CC=CC=N2)C=C1,O=C1CN=C(c2ccccn2)c2cc(Br)ccc2N1,33,False,,
DB01559,,CCC1=CC2=C(S1)N(C)C(=O)CN=C2C1=CC=CC=C1Cl,CCc1cc2c(s1)N(C)C(=O)CN=C2c1ccccc1Cl,35,False,,
DB01563,,OC(O)C(Cl)(Cl)Cl,OC(O)C(Cl)(Cl)Cl,13,False,,
DB01567,,CN1C2=C(C=C(Cl)C=C2)C(=NCC1=O)C1=CC=CC=C1F,CN1C(=O)CN=C(c2ccccc2F)c2cc(Cl)ccc21,37,False,,
DB01576,,C[C@H](N)CC1=CC=CC=C1,C[C@H](N)Cc1ccccc1,19,False,,
DB01577,,CN[C@@H](C)CC1=CC=CC=C1,CN[C@@H](C)Cc1ccccc1,19,False,,
DB01579,,C[C@H]1[C@@H](OCCN1C)C1=CC=CC=C1,C[C@H]1[C@H](c2ccccc2)OCCN1C,27,False,,
DB01580,,CC(C)NCC(O)COC1=CC=CC=C1OCC=C,C=CCOc1ccccc1OCC(O)CNC(C)C,22,False,,
DB01581,,CC1=NC(NS(=O)(=O)C2=CC=C(N)C=C2)=NC=C1,Cc1ccnc(NS(=O)(=O)c2ccc(N)cc2)n1,31,False,,
DB01582,,CC1=CC(C)=NC(NS(=O)(=O)C2=CC=C(N)C=C2)=N1,Cc1cc(C)nc(NS(=O)(=O)c2ccc(N)cc2)n1,33,False,,
DB01586,,[H][C@@]1(CC[C@@]2([H])[C@]3([H])[C@@H](O)C[C@]4([H])C[C@H](O)CC[C@]4(C)[C@@]3([H])CC[C@]12C)[C@H](C)CCC(O)=O,C[C@H](CCC(=O)O)[C@H]1CC[C@H]2[C@@H]3[C@@H](O)C[C@@H]4C[C@H](O)CC[C@]4(C)[C@H]3CC[C@]12C,81,False,,
DB01587,,CN1C2=C(C=C(Cl)C=C2)C2(OC(C)=CC(=O)N2CC1=O)C1=CC=CC=C1,CC1=CC(=O)N2CC(=O)N(C)c3ccc(Cl)cc3C2(c2ccccc2)O1,47,False,,
DB01588,,ClC1=CC2=C(C=C1)N(CC1CC1)C(=O)CN=C2C1=CC=CC=C1,O=C1CN=C(c2ccccc2)c2cc(Cl)ccc2N1CC1CC1,39,False,,
DB01589,,FC1=CC=CC=C1C1=NCC(=S)N(CC(F)(F)F)C2=C1C=C(Cl)C=C2,Fc1ccccc1C1=NCC(=S)N(CC(F)(F)F)c2ccc(Cl)cc21,43,False,,
DB01591,CHEMBL1734,O=C(O[C@H]1CN2CCC1CC2)N1CCC2=CC=CC=C2[C@@H]1C1=CC=CC=C1,O=C(O[C@H]1CN2CCC1CC2)N1CCc2ccccc2[C@@H]1c1ccccc1,46,False,7.619788758288394,False
DB01594,,OC1N=C(C2=CC=CC=C2F)C2=C(C=CC(Cl)=C2)N(CCC#N)C1=O,N#CCCN1C(=O)C(O)N=C(c2ccccc2F)c2cc(Cl)ccc21,43,False,,
DB01595,,[O-][N+](=O)C1=CC2=C(NC(=O)CN=C2C2=CC=CC=C2)C=C1,O=C1CN=C(c2ccccc2)c2cc([N+](=O)[O-])ccc2N1,39,False,,
DB01598,,[H][C@]12CC(SCC\N=C\N)=C(N1C(=O)[C@]2([H])[C@@H](C)O)C(O)=O,C[C@@H](O)[C@H]1C(=O)N2C(C(=O)O)=C(SCC/N=C/N)C[C@H]12,46,False,,
DB01600,,CC(C(O)=O)C1=CC=C(S1)C(=O)C1=CC=CC=C1,CC(C(=O)O)c1ccc(C(=O)c2ccccc2)s1,33,False,,
DB01602,,[H][C@]12SC(C)(C)[C@@H](N1C(=O)[C@H]2NC(=O)[C@H](N)C1=CC=CC=C1)C(=O)OC(C)OC(=O)OCC,CCOC(=O)OC(C)OC(=O)[C@@H]1N2C(=O)[C@@H](NC(=O)[C@H](N)c3ccccc3)[C@H]2SC1(C)C,62,False,,
DB01603,,[H][C@]12SC(C)(C)[C@@H](N1C(=O)[C@H]2NC(=O)C1=C(OC)C=CC=C1OC)C(O)=O,COc1cccc(OC)c1C(=O)N[C@@H]1C(=O)N2[C@@H]1SC(C)(C)[C@@H]2C(=O)O,53,False,,
DB01604,,[H][C@]12SC(C)(C)[C@@H](N1C(=O)[C@H]2NC(=O)[C@H](N)C1=CC=CC=C1)C(=O)OCOC(=O)C(C)(C)C,CC(C)(C)C(=O)OCOC(=O)[C@@H]1N2C(=O)[C@@H](NC(=O)[C@H](N)c3ccccc3)[C@H]2SC1(C)C,64,False,,
DB01605,,[H]C(=N[C@@H]1C(=O)N2[C@@H](C(=O)OCOC(=O)C(C)(C)C)C(C)(C)S[C@]12[H])N1CCCCCC1,CC(C)(C)C(=O)OCOC(=O)[C@@H]1N2C(=O)[C@@H](N=CN3CCCCCC3)[C@H]2SC1(C)C,60,False,,
DB01606,,[H][C@@]12CC(=O)N1[C@@H](C(O)=O)[C@](C)(CN1C=CN=N1)S2(=O)=O,C[C@]1(Cn2ccnn2)[C@H](C(=O)O)N2C(=O)C[C@H]2S1(=O)=O,44,False,,
DB01607,,[H][C@]12SC(C)(C)[C@@H](N1C(=O)[C@H]2NC(=O)[C@H](C(O)=O)C1=CSC=C1)C(O)=O,CC1(C)S[C@@H]2[C@H](NC(=O)[C@H](C(=O)O)c3ccsc3)C(=O)N2[C@H]1C(=O)O,56,False,,
DB01608,,OC1CCN(CCCN2C3=CC=CC=C3SC3=C2C=C(C=C3)C#N)CC1,N#Cc1ccc2c(c1)N(CCCN1CCC(O)CC1)c1ccccc1S2,37,False,,
DB01609,,OC(=O)C1=CC=C(C=C1)N1N=C(N=C1C1=CC=CC=C1O)C1=CC=CC=C1O,O=C(O)c1ccc(-n2nc(-c3ccccc3O)nc2-c2ccccc2O)cc1,49,False,,
DB01611,CHEMBL1535,CCN(CCO)CCCC(C)NC1=C2C=CC(Cl)=CC2=NC=C1,CCN(CCO)CCCC(C)Nc1ccnc2cc(Cl)ccc12,28,False,7.667561540084395,False
DB01612,,CCCCCON=O,CCCCCON=O,6,False,,
DB01614,CHEMBL39560,CN(C)CCCN1C2=CC=CC=C2SC2=C1C=C(C=C2)C(C)=O,CC(=O)c1ccc2c(c1)N(CCCN(C)C)c1ccccc1S2,36,False,4.0,False
DB01615,,CC(CN1C2=CC=CC=C2SC2=C1C=C(C=C2)C(C)=O)N(C)C,CC(=O)c1ccc2c(c1)N(CC(C)N(C)C)c1ccccc1S2,40,False,,
DB01616,,CCN(CCCC1=CC=CC=C1)CCCC1=CC=CC=C1,CCN(CCCc1ccccc1)CCCc1ccccc1,23,False,,
DB01618,,CCC1=C(C)NC2=C1C(=O)C(CN1CCOCC1)CC2,CCc1c(C)[nH]c2c1C(=O)C(CN1CCOCC1)CC2,27,False,,
DB01619,,CN1CCC2=C(C1)C(C1=CC=CC=C21)C1=CC=CC=C1,CN1CCC2=C(C1)C(c1ccccc1)c1ccccc12,33,False,,
DB01620,,CN(C)CCC(C1=CC=CC=C1)C1=CC=CC=N1,CN(C)CCC(c1ccccc1)c1ccccn1,27,False,,
DB01621,,CN(C)S(=O)(=O)C1=CC2=C(SC3=CC=CC=C3N2CCCN2CCC(CCO)CC2)C=C1,CN(C)S(=O)(=O)c1ccc2c(c1)N(CCCN1CCC(CCO)CC1)c1ccccc1S2,44,False,,
DB01622,,CN(C)S(=O)(=O)C1=CC2=C(SC3=CC=CC=C3N2CCCN2CCN(C)CC2)C=C1,CN1CCN(CCCN2c3ccccc3Sc3ccc(S(=O)(=O)N(C)C)cc32)CC1,44,False,,
DB01623,CHEMBL1201,CN(C)S(=O)(=O)C1=CC2=C(SC3=CC=CC=C3\C2=C\CCN2CCN(C)CC2)C=C1,CN1CCN(CC/C=C2/c3ccccc3Sc3ccc(S(=O)(=O)N(C)C)cc32)CC1,48,False,5.2403321553103694,False
DB01624,CHEMBL53904,OCCN1CCN(CC\C=C2\C3=C(SC4=C2C=C(Cl)C=C4)C=CC=C3)CC1,OCCN1CCN(CC/C=C2/c3ccccc3Sc3ccc(Cl)cc32)CC1,43,False,5.471468939364589,False
DB01625,,CC(C)[N+](C)(CCC(C(N)=O)(C1=CC=CC=C1)C1=CC=CC=C1)C(C)C,CC(C)[N+](C)(CCC(C(N)=O)(c1ccccc1)c1ccccc1)C(C)C,43,False,,
DB01626,,CN(CC#C)CC1=CC=CC=C1,C#CCN(C)Cc1ccccc1,17,False,,
DB01627,,[H][C@]1(C[C@@H](CCC)CN1C)C(=O)N[C@H]([C@@H](C)O)[C@H]1O[C@H](SC)[C@H](O)[C@@H](O)[C@H]1O,CCC[C@@H]1C[C@@H](C(=O)N[C@@H]([C@H]2O[C@H](SC)[C@H](O)[C@@H](O)[C@H]2O)[C@@H](C)O)N(C)C1,70,False,,
DB01628,,CC1=NC=C(C=C1)C1=C(C=C(Cl)C=N1)C1=CC=C(C=C1)S(C)(=O)=O,Cc1ccc(-c2ncc(Cl)cc2-c2ccc(S(C)(=O)=O)cc2)cn1,49,False,,
DB01638,,OC[C@H](O)[C@@H](O)[C@H](O)[C@H](O)CO,OC[C@@H](O)[C@@H](O)[C@H](O)[C@@H](O)CO,29,False,,
DB01656,,FC(F)OC1=C(OCC2CC2)C=C(C=C1)C(=O)NC1=C(Cl)C=NC=C1Cl,O=C(Nc1c(Cl)cncc1Cl)c1ccc(OC(F)F)c(OCC2CC2)c1,43,False,,
DB01685,CHEMBL1078685,N#CC1=NC=CC(=C1)C1=NNC(=N1)C1=CC=NC=C1,N#Cc1cc(-c2n[nH]c(-c3ccncc3)n2)ccn1,31,False,8.318758762624412,True
DB01708,,[H][C@@]12CCC(=O)[C@@]1(C)CC[C@@]1([H])[C@@]2([H])CC=C2C[C@@]([H])(O)CC[C@]12C,C[C@]12CC[C@H](O)CC1=CC[C@@H]1[C@@H]2CC[C@]2(C)C(=O)CC[C@@H]12,53,False,,
DB01718,,CCCCCCCCCCCCCCCC[N+](C)(C)C,CCCCCCCCCCCCCCCC[N+](C)(C)C,12,False,,
DB01744,,[H][C@@]12CC[C@@](C)(C(=O)C1)C2(C)C,CC1(C)[C@@H]2CC[C@@]1(C)C(=O)C2,27,False,,
DB01783,,CC(C)(CO)[C@@H](O)C(=O)NCCC(O)=O,CC(C)(CO)[C@@H](O)C(=O)NCCC(=O)O,23,False,,
DB01839,,CC(O)CO,CC(O)CO,7,False,,
DB01878,,O=C(C1=CC=CC=C1)C1=CC=CC=C1,O=C(c1ccccc1)c1ccccc1,25,False,,
DB01914,,[H][C@@](O)(CO)[C@@]([H])(O)[C@]([H])(O)[C@@]([H])(O)C=O,O=C[C@H](O)[C@@H](O)[C@H](O)[C@H](O)CO,35,False,,
DB01942,,OC=O,O=CO,5,False,,
DB01956,,NCCS(O)(=O)=O,NCCS(=O)(=O)O,9,False,,
DB02187,,[H][C@@]12CCC(=O)[C@@]1(C)CC[C@]1([H])C3=C(CC=C21)C=C(O)C=C3,C[C@]12CC[C@H]3C(=CCc4cc(O)ccc43)[C@@H]1CCC2=O,47,False,,
DB02300,,O[C@H](\C=C\[C@@H](C)[C@@]1([H])CC[C@@]2([H])\C(CCC[C@]12C)=C\C=C1\C[C@@H](O)C[C@H](O)C1=C)C1CC1,C=C1/C(=C\C=C2/CCC[C@]3(C)[C@@H]([C@H](C)/C=C/[C@@H](O)C4CC4)CC[C@@H]23)C[C@@H](O)C[C@@H]1O,76,False,,
DB02325,,CC(C)O,CC(C)O,7,False,,
DB02362,,NC1=CC=C(C=C1)C(O)=O,Nc1ccc(C(=O)O)cc1,19,False,,
DB02513,,CC(C)C1=CC=C(C)C=C1O,Cc1ccc(C(C)C)c(O)c1,20,False,,
DB02530,,NCCCC(O)=O,NCCCC(=O)O,7,False,,
DB02546,,ONC(=O)CCCCCCC(=O)NC1=CC=CC=C1,O=C(CCCCCCC(=O)Nc1ccccc1)NO,19,False,,
DB02659,,[H][C@@](C)(CCC(O)=O)[C@@]1([H])CC[C@@]2([H])[C@]3([H])[C@]([H])(O)C[C@]4([H])C[C@]([H])(O)CC[C@]4(C)[C@@]3([H])C[C@]([H])(O)[C@]12C,C[C@H](CCC(=O)O)[C@H]1CC[C@H]2[C@@H]3[C@H](O)C[C@@H]4C[C@H](O)CC[C@]4(C)[C@H]3C[C@H](O)[C@]12C,91,False,,
DB02701,,NC(=O)C1=CC=CN=C1,NC(=O)c1cccnc1,15,False,,
DB02709,CHEMBL165,OC1=CC=C(\C=C\C2=CC(O)=CC(O)=C2)C=C1,Oc1ccc(/C=C/c2cc(O)cc(O)c2)cc1,31,False,10.647817481888636,True
DB02789,,[H][C@@]12CC[C@H](C(C)=O)[C@@]1(C)CC[C@@]1([H])[C@@]2([H])CC=C2C[C@@H](O)CC[C@]12C,CC(=O)[C@H]1CC[C@H]2[C@@H]3CC=C4C[C@@H](O)CC[C@]4(C)[C@H]3CC[C@]12C,60,False,,
DB02893,,CSCC[C@@H](N)C(O)=O,CSCC[C@@H](N)C(=O)O,15,False,,
DB02925,,NS(=O)(=O)C1=CC(=CC(N2CCCC2)=C1OC1=CC=CC=C1)C(O)=O,NS(=O)(=O)c1cc(C(=O)O)cc(N2CCCC2)c1Oc1ccccc1,37,False,,
DB02959,,N[C@@H](CC1=CNC2=C1C=C(O)C=C2)C(O)=O,N[C@@H](Cc1c[nH]c2ccc(O)cc12)C(=O)O,32,False,,
DB03017,,CCCCCCCCCCCC(O)=O,CCCCCCCCCCCC(=O)O,8,False,,
DB03085,,OCC(O)=O,O=C(O)CO,7,False,,
DB03088,,OC(=O)[C@@H]1CCC(=O)N1,O=C1CC[C@@H](C(=O)O)N1,17,False,,
DB03128,,CC(=O)OCC[N+](C)(C)C,CC(=O)OCC[N+](C)(C)C,15,False,,
DB03166,,CC(O)=O,CC(=O)O,7,False,,
DB03175,,CCCO,CCCO,3,False,,
DB03193,,CCCCCCCCCCCCCCCCCC(O)=O,CCCCCCCCCCCCCCCCCC(=O)O,9,False,,
DB03209,,OC(=O)C1=NC(=O)NC(=O)N1,O=C(O)c1nc(=O)[nH]c(=O)[nH]1,19,False,,
DB03255,,OC1=CC=CC=C1,Oc1ccccc1,11,False,,
DB03585,,CCCCC1C(=O)N(N(C1=O)C1=CC=C(O)C=C1)C1=CC=CC=C1,CCCCC1C(=O)N(c2ccccc2)N(c2ccc(O)cc2)C1=O,40,False,,
DB03619,,[H][C@@]12CC[C@H]([C@H](C)CCC(O)=O)[C@@]1(C)[C@@H](O)C[C@@]1([H])[C@@]2([H])CC[C@]2([H])C[C@H](O)CC[C@]12C,C[C@H](CCC(=O)O)[C@H]1CC[C@H]2[C@@H]3CC[C@@H]4C[C@H](O)CC[C@]4(C)[C@H]3C[C@H](O)[C@]12C,77,False,,
DB03754,,NC(CO)(CO)CO,NC(CO)(CO)CO,9,False,,
DB03756,,CC\C=C/C\C=C/C\C=C/C\C=C/C\C=C/C\C=C/CCC(O)=O,CC/C=C\C/C=C\C/C=C\C/C=C\C/C=C\C/C=C\CCC(=O)O,43,False,,
DB03766,,CCC(O)=O,CCC(=O)O,7,False,,
DB03793,,OC(=O)C1=CC=CC=C1,O=C(O)c1ccccc1,15,False,,
DB03796,,CCCCCCCCCCCCCCCC(O)=O,CCCCCCCCCCCCCCCC(=O)O,8,False,,
DB03843,CHEMBL1255,[H]C([H])=O,C=O,11,False,6.301029995663981,False
DB03852,,C[C@@]12CC[C@@H](CC1)C(C)(C)O2,CC1(C)O[C@]2(C)CC[C@H]1CC2,24,False,,
DB03904,,NC(N)=O,NC(N)=O,7,False,,
DB03929,,N[C@H](CO)C(O)=O,N[C@H](CO)C(=O)O,15,False,,
DB04038,,CC(C)[C@@H](C)\C=C\[C@@H](C)[C@H]1CC[C@H]2C3=CC=C4C[C@@H](O)CC[C@]4(C)[C@H]3CC[C@]12C,CC(C)[C@@H](C)/C=C/[C@@H](C)[C@H]1CC[C@H]2C3=CC=C4C[C@@H](O)CC[C@]4(C)[C@H]3CC[C@]12C,68,False,,
DB04115,,COC1=CC=C2C=C3C4=CC5=C(OCO5)C=C4CC[N+]3=CC2=C1OC,COc1ccc2cc3[n+](cc2c1OC)CCc1cc2c(cc1-3)OCO2,40,False,,
DB04160,,OP(O)(=O)OP(O)(O)=O,O=P(O)(O)OP(=O)(O)O,15,False,,
DB04173,,OC[C@@H]1O[C@@](O)(CO)[C@H](O)[C@H]1O,OC[C@@H]1O[C@@](O)(CO)[C@H](O)[C@H]1O,29,False,,
DB04209,,CC1=CC(N)=C2C=CC=CC2=[N+]1CCCCCCCCCC[N+]1=C(C)C=C(N)C2=C1C=CC=C2,Cc1cc(N)c2ccccc2[n+]1CCCCCCCCCC[n+]1c(C)cc(N)c2ccccc21,49,False,,
DB04221,,CCCCCCCCCC[N+](C)(C)CCCCCCCCCC,CCCCCCCCCC[N+](C)(C)CCCCCCCCCC,13,False,,
DB04224,,CCCCCCCC\C=C\CCCCCCCC(O)=O,CCCCCCCC/C=C/CCCCCCCC(=O)O,13,False,,
DB04272,,OC(=O)CC(O)(CC(O)=O)C(O)=O,O=C(O)CC(O)(CC(=O)O)C(=O)O,21,False,,
DB04335,,OC[C@H]1O[C@H]([C@H](O)[C@@H]1O)N1C=NC2=C1NC=NC2=O,O=c1nc[nH]c2c1ncn2[C@@H]1O[C@H](CO)[C@@H](O)[C@H]1O,43,False,,
DB04339,,N[C@@H](CSCC(O)=O)C(O)=O,N[C@@H](CSCC(=O)O)C(=O)O,19,False,,
DB04398,,CC(O)C(O)=O,CC(O)C(=O)O,11,False,,
DB04519,,CCCCCCCC(O)=O,CCCCCCCC(=O)O,7,False,,
DB04540,,[H][C@@]1(CC[C@@]2([H])[C@]3([H])CC=C4C[C@@H](O)CC[C@]4(C)[C@@]3([H])CC[C@]12C)[C@H](C)CCCC(C)C,CC(C)CCC[C@@H](C)[C@H]1CC[C@H]2[C@@H]3CC=C4C[C@@H](O)CC[C@]4(C)[C@H]3CC[C@]12C,70,False,,
DB04552,CHEMBL63323,OC(=O)C1=C(NC2=CC=CC(=C2)C(F)(F)F)N=CC=C1,O=C(O)c1cccnc1Nc1cccc(C(F)(F)F)c1,35,False,6.539102157243452,False
DB04564,,OC[C@H]1OC(=O)[C@H](O)[C@@H](O)[C@@H]1O,O=C1O[C@H](CO)[C@@H](O)[C@H](O)[C@H]1O,31,False,,
DB04571,CHEMBL1475,CC1=CC2=CC3=C(OC(=O)C=C3C)C(C)=C2O1,Cc1cc2cc3c(C)cc(=O)oc3c(C)c2o1,31,False,9.30102999566398,True
DB04572,CHEMBL671,S=P(N1CC1)(N1CC1)N1CC1,S=P(N1CC1)(N1CC1)N1CC1,20,False,5.853871964321762,False
DB04573,,[H][C@@]12C[C@@H](O)[C@H](O)[C@@]1(C)CC[C@]1([H])C3=C(CC[C@@]21[H])C=C(O)C=C3,C[C@]12CC[C@@H]3c4ccc(O)cc4CC[C@H]3[C@@H]1C[C@@H](O)[C@@H]2O,61,False,,
DB04574,,[H][C@@]12CCC(=O)[C@@]1(C)CC[C@]1([H])C3=C(CC[C@@]21[H])C=C(OS(O)(=O)=O)C=C3,C[C@]12CC[C@@H]3c4ccc(OS(=O)(=O)O)cc4CC[C@H]3[C@@H]1CCC2=O,57,False,,
DB04575,,[H][C@@]12CC[C@@](O)(C#C)[C@@]1(C)CC[C@]1([H])C3=C(CC[C@@]21[H])C=C(OC1CCCC1)C=C3,C#C[C@]1(O)CC[C@H]2[C@@H]3CCc4cc(OC5CCCC5)ccc4[C@H]3CC[C@@]21C,60,False,,
DB04576,,CN1CCN(CC1)C1=C(F)C=C2C(=O)C(=CN(CCF)C2=C1F)C(O)=O,CN1CCN(c2c(F)cc3c(=O)c(C(=O)O)cn(CCF)c3c2F)CC1,43,False,,
DB04657,,CC1=C(SCCO1)C(=O)NC1=CC=CC=C1,CC1=C(C(=O)Nc2ccccc2)SCCO1,23,False,,
DB04743,,CS(=O)(=O)NC1=C(OC2=CC=CC=C2)C=C(C=C1)[N+]([O-])=O,CS(=O)(=O)Nc1ccc([N+](=O)[O-])cc1Oc1ccccc1,37,False,,
DB04794,CHEMBL277535,C1=CN(C=N1)C(C1=CC=CC=C1)C1=CC=C(C=C1)C1=CC=CC=C1,c1ccc(-c2ccc(C(c3ccccc3)n3ccnc3)cc2)cc1,45,False,8.522878745280337,True
DB04815,,OC1=C(I)C=C(Cl)C2=C1N=CC=C2,Oc1c(I)cc(Cl)c2cccnc12,26,False,,
DB04816,,OC1=CC=CC2=C1C(=O)C1=C(C=CC=C1O)C2=O,O=C1c2cccc(O)c2C(=O)c2c(O)cccc21,33,False,,
DB04817,,CN(CS(O)(=O)=O)C1=C(C)N(C)N(C1=O)C1=CC=CC=C1,Cc1c(N(C)CS(=O)(=O)O)c(=O)n(-c2ccccc2)n1C,39,False,,
DB04824,,OC1=CC=C(C=C1)C1(OC(=O)C2=CC=CC=C12)C1=CC=C(O)C=C1,O=C1OC(c2ccc(O)cc2)(c2ccc(O)cc2)c2ccccc21,44,False,,
DB04837,,CN(C)CCC(O)(C1=CC=CC=C1)C1=CC=CC=C1Cl,CN(C)CCC(O)(c1ccccc1)c1ccccc1Cl,30,False,,
DB04838,,CC1CC(CC(C)(C)C1)OC(=O)C(O)C1=CC=CC=C1,CC1CC(OC(=O)C(O)c2ccccc2)CC(C)(C)C1,32,False,,
DB04839,,[H][C@@]12C[C@]1([H])[C@@]1(C)C(=CC2=O)C(Cl)=C[C@@]2([H])[C@]3([H])CC[C@](OC(C)=O)(C(C)=O)[C@@]3(C)CC[C@]12[H],CC(=O)O[C@]1(C(C)=O)CC[C@H]2[C@@H]3C=C(Cl)C4=CC(=O)[C@@H]5C[C@@H]5[C@]4(C)[C@H]3CC[C@@]21C,80,False,,
DB04840,,NC(=N)N1CCC2=CC=CC=C2C1,N=C(N)N1CCc2ccccc2C1,19,False,,
DB04841,CHEMBL30008,FC1=CC=C(C=C1)C(N1CCN(C\C=C\C2=CC=CC=C2)CC1)C1=CC=C(F)C=C1,Fc1ccc(C(c2ccc(F)cc2)N2CCN(C/C=C/c3ccccc3)CC2)cc1,52,False,7.602059991327962,False
DB04842,,FC1=CC=C(C=C1)C(CCCN1CCC2(CC1)N(CNC2=O)C1=CC=CC=C1)C1=CC=C(F)C=C1,O=C1NCN(c2ccccc2)C12CCN(CCCC(c1ccc(F)cc1)c1ccc(F)cc1)CC2,54,False,,
DB04843,,C[N+]1(C)CCCC(C1)OC(=O)C(O)(C1=CC=CC=C1)C1=CC=CC=C1,C[N+]1(C)CCCC(OC(=O)C(O)(c2ccccc2)c2ccccc2)C1,42,False,,
DB04844,,COC1=C(OC)C=C2C3CC(=O)C(CC(C)C)CN3CCC2=C1,COc1cc2c(cc1OC)C1CC(=O)C(CC(C)C)CN1CC2,34,False,,
DB04846,,CCN(CC)C(=O)NC1=CC=C(OCC(O)CNC(C)(C)C)C(=C1)C(C)=O,CCN(CC)C(=O)Nc1ccc(OCC(O)CNC(C)(C)C)c(C(C)=O)c1,39,False,,
DB04854,CHEMBL1164729,CC(C)COC1=C(C=C(C=C1)C1=NC(C)=C(S1)C(O)=O)C#N,Cc1nc(-c2ccc(OCC(C)C)c(C#N)c2)sc1C(=O)O,41,False,8.899974269892137,True
DB04861,CHEMBL434394,OC(CNCC(O)C1CCC2=C(O1)C=CC(F)=C2)C1CCC2=C(O1)C=CC(F)=C2,OC(CNCC(O)C1CCc2cc(F)ccc2O1)C1CCc2cc(F)ccc2O1,45,False,6.499996931948306,False
DB04864,CHEMBL395280,[H][C@@]12CC3=C(C=CC(=O)N3)[C@@](N)(CC(C)=C1)\C2=C\C,C/C=C1\[C@H]2C=C(C)C[C@]1(N)c1ccc(=O)[nH]c1C2,39,False,7.481486060122112,False
DB04871,,C[C@H]1CNCCC2=CC=C(Cl)C=C12,C[C@H]1CNCCc2ccc(Cl)cc21,22,False,,
DB04876,CHEMBL142703,OC12CC3CC(C1)CC(C3)(C2)NCC(=O)N1CCC[C@H]1C#N,N#C[C@@H]1CCCN1C(=O)CNC12CC3CC(CC(O)(C3)C1)C2,35,False,9.920818753952377,True
DB04880,CHEMBL249856,CSC1=CC=C(C=C1)C(=O)C1=C(C)NC(=O)N1,CSc1ccc(C(=O)c2[nH]c(=O)[nH]c2C)cc1,31,False,5.568636235841013,False
DB04890,,OC(=O)CCCN1CCC(CC1)OC(C1=CC=C(Cl)C=C1)C1=CC=CC=N1,O=C(O)CCCN1CCC(OC(c2ccc(Cl)cc2)c2ccccn2)CC1,38,False,,
DB04896,,CCN(CC)C(=O)C1(CC1CN)C1=CC=CC=C1,CCN(CC)C(=O)C1(c2ccccc2)CC1CN,26,False,,
DB04908,,FC(F)(F)C1=CC(=CC=C1)N1CCN(CCN2C(=O)NC3=CC=CC=C23)CC1,O=c1[nH]c2ccccc2n1CCN1CCN(c2cccc(C(F)(F)F)c2)CC1,40,False,,
DB04920,CHEMBL1237132,CCCC(=O)OCOC(=O)C1=C(C)NC(C)=C(C1C1=CC=CC(Cl)=C1Cl)C(=O)OC,CCCC(=O)OCOC(=O)C1=C(C)NC(C)=C(C(=O)OC)C1c1cccc(Cl)c1Cl,43,False,8.148741651280925,False
DB04930,,CC1(C)C(C=C(Cl)Cl)C1C(=O)OCC1=CC(OC2=CC=CC=C2)=CC=C1,CC1(C)C(C=C(Cl)Cl)C1C(=O)OCc1cccc(Oc2ccccc2)c1,42,False,,
DB04938,CHEMBL2105395,OCCOC1=CC=C(C=C1)C(=C(\CCCl)C1=CC=CC=C1)\C1=CC=CC=C1,OCCOc1ccc(/C(=C(/CCCl)c2ccccc2)c2ccccc2)cc1,39,False,5.42021640338319,False
DB04942,CHEMBL25202,CC1(C)CCC(C)(C)C2=C1C=CC(NC(=O)C1=CC=C(C=C1)C(O)=O)=C2,CC1(C)CCC(C)(C)c2cc(NC(=O)c3ccc(C(=O)O)cc3)ccc21,46,False,7.107905397309519,False
DB04946,CHEMBL14376,COC1=C(OCCCN2CCC(CC2)C2=NOC3=C2C=CC(F)=C3)C=CC(=C1)C(C)=O,COc1cc(C(C)=O)ccc1OCCCN1CCC(c2noc3cc(F)ccc23)CC1,43,False,9.397940008672036,True
DB04948,,CC(OC1=C(Cl)C=CC=C1Cl)C1=NCCN1,CC(Oc1c(Cl)cccc1Cl)C1=NCCN1,24,False,,
DB04951,,CC1=CN(C(=O)C=C1)C1=CC=CC=C1,Cc1ccc(=O)n(-c2ccccc2)c1,25,False,,
DB04953,,CCOC(=O)NC1=C(N)C=C(NCC2=CC=C(F)C=C2)C=C1,CCOC(=O)Nc1ccc(NCc2ccc(F)cc2)cc1N,35,False,,
DB04967,CHEMBL279014,CCN(CC)CCNC1=C2C(=O)C3=CC=CC=C3SC2=C(C)C=C1,CCN(CC)CCNc1ccc(C)c2sc3ccccc3c(=O)c12,35,False,5.301029995663981,False
DB05013,,[H][C@@]12C[C@@H](C)[C@]34C=C(C)[C@H](OC(=O)C(\C)=C/C)[C@@]3(O)[C@H](O)C(CO)=C[C@@]([H])(C4=O)[C@]1([H])C2(C)C,C/C=C(/C)C(=O)O[C@H]1C(C)=C[C@]23C(=O)[C@H](C=C(CO)[C@@H](O)[C@]12O)[C@H]1[C@@H](C[C@H]3C)C1(C)C,82,False,,
DB05015,CHEMBL408513,ONC(=O)\C=C\C1=CC=CC(=C1)S(=O)(=O)NC1=CC=CC=C1,O=C(/C=C/c1cccc(S(=O)(=O)Nc2ccccc2)c1)NO,35,False,10.229147988357855,True
DB05016,CHEMBL256997,OC(=O)C1=CC=CC(=C1)C1=NOC(=N1)C1=CC=CC=C1F,O=C(O)c1cccc(-c2noc(-c3ccccc3F)n2)c1,34,False,6.52157781225992,False
DB05018,,OC[C@H]1NC[C@H](O)[C@@H](O)[C@H]1O,OC[C@H]1NC[C@H](O)[C@@H](O)[C@H]1O,29,False,,
DB05039,CHEMBL1095777,CCC1=C(CC)C=C2CC(CC2=C1)NC[C@H](O)C1=C2C=CC(=O)NC2=C(O)C=C1,CCc1cc2c(cc1CC)CC(NC[C@H](O)c1ccc(O)c3[nH]c(=O)ccc13)C2,51,False,8.102372908709558,False
DB05154,,[O-][N+](=O)C1=CN2C[C@@H](COC2=N1)OCC1=CC=C(OC(F)(F)F)C=C1,O=[N+]([O-])c1cn2c(n1)OC[C@@H](OCc1ccc(OC(F)(F)F)cc1)C2,45,False,,
DB05246,,CN1C(=O)CC(C)(C1=O)C1=CC=CC=C1,CN1C(=O)CC(C)(c2ccccc2)C1=O,26,False,,
DB05265,,[H][C@@]12CCC3=CC(C(C)C)=C(C=C3[C@@]1(C)CCC[C@@]2(C)C(O)=O)S(O)(=O)=O,CC(C)c1cc2c(cc1S(=O)(=O)O)[C@@]1(C)CCC[C@@](C)(C(=O)O)[C@@H]1CC2,53,False,,
DB05266,CHEMBL19449,CC(C)C(=O)C1=C2C=CC=CN2N=C1C(C)C,CC(C)C(=O)c1c(C(C)C)nn2ccccc12,30,False,7.267606240177032,False
DB05271,CHEMBL1303,CCCN(CCC1=CC=CS1)[C@H]1CCC2=C(O)C=CC=C2C1,CCCN(CCc1cccs1)[C@H]1CCc2c(O)cccc2C1,32,False,5.0,False
DB05294,CHEMBL24828,COC1=C(OCC2CCN(C)CC2)C=C2N=CN=C(NC3=C(F)C=C(Br)C=C3)C2=C1,COc1cc2c(Nc3ccc(Br)cc3F)ncnc2cc1OCC1CCN(C)CC1,49,False,10.397940008672036,True
DB05316,CHEMBL2111101,CC(C)COC1=CC=C(CNC(=O)N(CC2=CC=C(F)C=C2)C2CCN(C)CC2)C=C1,CC(C)COc1ccc(CNC(=O)N(Cc2ccc(F)cc2)C2CCN(C)CC2)cc1,46,False,8.730020323354676,True
DB05351,,CC1=C(OCC(F)(F)F)C=CN=C1C[S@@](=O)C1=NC2=CC=CC=C2N1,Cc1c(OCC(F)(F)F)ccnc1C[S@@](=O)c1nc2ccccc2[nH]1,41,False,,
DB05381,CHEMBL90,NCCC1=CNC=N1,NCCc1c[nH]cn1,9,False,6.799998134593398,False
DB05382,,II,II,4,False,,
DB05541,,CCC[C@H]1CN([C@@H](CC)C(N)=O)C(=O)C1,CCC[C@@H]1CC(=O)N([C@@H](CC)C(N)=O)C1,29,False,,
DB05676,CHEMBL514800,CCOC1=CC(=CC=C1OC)[C@@H](CS(C)(=O)=O)N1C(=O)C2=CC=CC(NC(C)=O)=C2C1=O,CCOc1cc([C@@H](CS(C)(=O)=O)N2C(=O)c3cccc(NC(C)=O)c3C2=O)ccc1OC,50,False,7.67778070526608,False
DB05812,CHEMBL254328,[H][C@@]12CC=C(C3=CC=CN=C3)[C@@]1(C)CC[C@@]1([H])[C@@]2([H])CC=C2C[C@@H](O)CC[C@]12C,C[C@]12CC[C@H](O)CC1=CC[C@@H]1[C@@H]2CC[C@]2(C)C(c3cccnc3)=CC[C@@H]12,62,False,9.0,True
DB05990,,[H][C@@]1(CC[C@@]2([H])[C@]3([H])[C@H](O)[C@H](CC)[C@]4([H])C[C@H](O)CC[C@]4(C)[C@@]3([H])CC[C@]12C)[C@H](C)CCC(O)=O,CC[C@H]1[C@@H](O)[C@@H]2[C@H](CC[C@]3(C)[C@@H]([C@H](C)CCC(=O)O)CC[C@@H]23)[C@@]2(C)CC[C@@H](O)C[C@@H]12,85,False,,
DB06016,CHEMBL2028019,CN(C)C(=O)N[C@H]1CC[C@H](CCN2CCN(CC2)C2=C(Cl)C(Cl)=CC=C2)CC1,CN(C)C(=O)N[C@H]1CC[C@H](CCN2CCN(c3cccc(Cl)c3Cl)CC2)CC1,48,False,8.779891911959945,True
DB06144,,FC1=CC=C(C=C1)N1C=C(C2CCN(CCN3CCNC3=O)CC2)C2=C1C=CC(Cl)=C2,O=C1NCCN1CCN1CCC(c2cn(-c3ccc(F)cc3)c3ccc(Cl)cc23)CC1,47,False,,
DB06147,,NC1=CC=C(C=C1)S(=O)(=O)NC1=NC=CS1,Nc1ccc(S(=O)(=O)Nc2nccs2)cc1,27,False,,
DB06148,CHEMBL6437,CN1CCN2C(C1)C1=CC=CC=C1CC1=CC=CC=C21,CN1CCN2c3ccccc3Cc3ccccc3C2C1,29,False,11.221848749616356,True
DB06151,,CC(=O)N[C@@H](CS)C(O)=O,CC(=O)N[C@@H](CS)C(=O)O,19,False,,
DB06152,,CC(CCC1=CC=CC=C1)NC(C)C(O)C1=CC=C(O)C=C1,CC(CCc1ccccc1)NC(C)C(O)c1ccc(O)cc1,35,False,,
DB06153,,CN1CCC(CC1)=C1C2=C(CCC3=CC=CC=C13)SC=C2,CN1CCC(=C2c3ccccc3CCc3sccc32)CC1,30,False,,
DB06155,,CC1=C(N(N=C1C(=O)NN1CCCCC1)C1=C(Cl)C=C(Cl)C=C1)C1=CC=C(Cl)C=C1,Cc1c(C(=O)NN2CCCCC2)nn(-c2ccc(Cl)cc2Cl)c1-c1ccc(Cl)cc1,53,False,,
DB06193,,NCCNC1=CC=C(NCCN)C2=C1C(=O)C1=C(C=NC=C1)C2=O,NCCNc1ccc(NCCN)c2c1C(=O)c1ccncc1C2=O,36,False,,
DB06201,,NC(=O)C1=CN(CC2=C(F)C=CC=C2F)N=N1,NC(=O)c1cn(Cc2c(F)cccc2F)nn1,30,False,,
DB06202,,[H][C@@]1(CCC2=CC(O)=CC=C2[C@@]1([H])C1=CC=C(OCCN2CCCC2)C=C1)C1=CC=CC=C1,Oc1ccc2c(c1)CC[C@H](c1ccccc1)[C@@H]2c1ccc(OCCN2CCCC2)cc1,54,False,,
DB06203,,CN1C(=O)C=C(N2CCC[C@@H](N)C2)N(CC2=C(C=CC=C2)C#N)C1=O,Cn1c(=O)cc(N2CCC[C@@H](N)C2)n(Cc2ccccc2C#N)c1=O,47,False,,
DB06204,,CC[C@H]([C@@H](C)CN(C)C)C1=CC(O)=CC=C1,CC[C@@H](c1cccc(O)c1)[C@@H](C)CN(C)C,31,False,,
DB06207,,C[C@H](CC1=CC2=C(N(CCCO)CC2)C(=C1)C(N)=O)NCCOC1=CC=CC=C1OCC(F)(F)F,C[C@H](Cc1cc2c(c(C(N)=O)c1)N(CCCO)CC2)NCCOc1ccccc1OCC(F)(F)F,50,False,,
DB06209,CHEMBL1201772,CC(=O)OC1=CC2=C(CCN(C2)C(C(=O)C2CC2)C2=CC=CC=C2F)S1,CC(=O)Oc1cc2c(s1)CCN(C(C(=O)C1CC1)c1ccccc1F)C2,43,False,5.7447274948966935,False
DB06210,CHEMBL461101,CC1=NN(C(=O)\C1=N/NC1=CC=CC(C2=CC=CC(=C2)C(O)=O)=C1O)C1=CC=C(C)C(C)=C1,CC1=NN(c2ccc(C)c(C)c2)C(=O)/C1=N\Nc1cccc(-c2cccc(C(=O)O)c2)c1O,58,False,6.199998172182031,False
DB06212,,CC1=CC=CC=C1C(=O)NC1=CC(C)=C(C=C1)C(=O)N1CCC[C@@H](O)C2=C1C=CC(Cl)=C2,Cc1ccccc1C(=O)Nc1ccc(C(=O)N2CCC[C@@H](O)c3cc(Cl)ccc32)c(C)c1,56,False,,
DB06216,,OC(=O)\C=C/C(O)=O.CN1CC2C(C1)C1=C(OC3=CC=CC=C23)C=CC(Cl)=C1,CN1CC2c3ccccc3Oc3ccc(Cl)cc3C2C1.O=C(O)/C=C\C(=O)O,48,False,,
DB06217,,COC1=C(OC)C=C(CCO[C@@H]2CCCC[C@H]2N2CC[C@@H](O)C2)C=C1,COc1ccc(CCO[C@@H]2CCCC[C@H]2N2CC[C@@H](O)C2)cc1OC,44,False,,
DB06218,CHEMBL58323,COC[C@@H](NC(C)=O)C(=O)NCC1=CC=CC=C1,COC[C@@H](NC(C)=O)C(=O)NCc1ccccc1,27,False,6.739928612014925,False
DB06228,CHEMBL198362,ClC1=CC=C(S1)C(=O)NC[C@H]1CN(C(=O)O1)C1=CC=C(C=C1)N1CCOCC1=O,O=C(NC[C@H]1CN(c2ccc(N3CCOCC3=O)cc2)C(=O)O1)c1ccc(Cl)s1,50,False,9.154901959985745,True
DB06230,,[H][C@@]12OC3=C(O)C=CC4=C3[C@@]11CCN(CC3CC3)[C@]([H])(C4)[C@]1(O)CCC2=C,C=C1CC[C@@]2(O)[C@H]3Cc4ccc(O)c5c4[C@@]2(CCN3CC2CC2)[C@H]1O5,52,False,,
DB06237,,COC1=C(Cl)C=C(CNC2=C(C=NC(=N2)N2CCC[C@H]2CO)C(=O)NCC2=NC=CC=N2)C=C1,COc1ccc(CNc2nc(N3CCC[C@H]3CO)ncc2C(=O)NCc2ncccn2)cc1Cl,54,False,,
DB06243,,NCCCC(N)(C(F)F)C(O)=O,NCCCC(N)(C(=O)O)C(F)F,17,False,,
DB06249,,COC1=CC=C(C=C1)C1=C(OC2=CC=C(OCCN3CCCCC3)C=C2)C2=C(S1)C=C(O)C=C2,COc1ccc(-c2sc3cc(O)ccc3c2Oc2ccc(OCCN3CCCCC3)cc2)cc1,54,False,,
DB06255,CHEMBL53950,OP(O)(=O)C(NC1CCCCCC1)P(O)(O)=O,O=P(O)(O)C(NC1CCCCCC1)P(=O)(O)O,22,False,7.522878745280337,False
DB06261,,[H]N([H])CC(=O)CCC(=O)OCCCCCC,CCCCCCOC(=O)CCC(=O)CN,20,False,,
DB06262,,N[C@@H]([C@H](O)C1=CC(O)=C(O)C=C1)C(O)=O,N[C@H](C(=O)O)[C@H](O)c1ccc(O)c(O)c1,35,False,,
DB06264,,CC(CN1CCCCC1)C(=O)C1=CC=C(C)C=C1,Cc1ccc(C(=O)C(C)CN2CCCCC2)cc1,26,False,,
DB06268,,CC1=NOC(NS(=O)(=O)C2=C(SC=C2)C(=O)CC2=CC3=C(OCO3)C=C2C)=C1Cl,Cc1cc2c(cc1CC(=O)c1sccc1S(=O)(=O)Nc1onc(C)c1Cl)OCO2,47,False,,
DB06272,,[H]\C(\C(\[H])=C1/CCC[C@@]2(C)[C@@]1([H])CC[C@]2([H])[C@]([H])(C)OCCC(C)(C)O)=C1/C[C@@]([H])(O)C[C@]([H])(O)C1=C,C=C1/C(=C\C=C2/CCC[C@]3(C)[C@@H]([C@H](C)OCCC(C)(C)O)CC[C@@H]23)C[C@@H](O)C[C@@H]1O,80,False,,
DB06274,CHEMBL270190,C[C@H]1CN(C[C@H](CC2=CC=CC=C2)C(=O)NCC(O)=O)CC[C@@]1(C)C1=CC(O)=CC=C1,C[C@H]1CN(C[C@H](Cc2ccccc2)C(=O)NCC(=O)O)CC[C@@]1(C)c1cccc(O)c1,56,False,8.769551078621726,True
DB06282,,OC(=O)COCCN1CCN(CC1)[C@H](C1=CC=CC=C1)C1=CC=C(Cl)C=C1,O=C(O)COCCN1CCN([C@H](c2ccccc2)c2ccc(Cl)cc2)CC1,40,False,,
DB06288,,CCN1CCCC1CNC(=O)C1=CC(=C(N)C=C1OC)S(=O)(=O)CC,CCN1CCCC1CNC(=O)c1cc(S(=O)(=O)CC)c(N)cc1OC,32,False,,
DB06292,,CCOC1=CC=C(CC2=C(Cl)C=CC(=C2)[C@@H]2O[C@H](CO)[C@@H](O)[C@H](O)[C@H]2O)C=C1,CCOc1ccc(Cc2cc([C@@H]3O[C@H](CO)[C@@H](O)[C@H](O)[C@H]3O)ccc2Cl)cc1,59,False,,
DB06335,,[H][C@@]12C[C@]1([H])N([C@@H](C2)C#N)C(=O)[C@@H](N)C12CC3CC(CC(O)(C3)C1)C2,N#C[C@@H]1C[C@@H]2C[C@@H]2N1C(=O)[C@@H](N)C12CC3CC(CC(O)(C3)C1)C2,58,False,,
DB06401,CHEMBL46740,CC1=C(N(CC2=CC=C(OCCN3CCCCCC3)C=C2)C2=C1C=C(O)C=C2)C1=CC=C(O)C=C1,Cc1c(-c2ccc(O)cc2)n(Cc2ccc(OCCN3CCCCCC3)cc2)c2ccc(O)cc12,55,False,9.397940008672036,True
DB06410,,[H][C@@]1(CC[C@@]2([H])\C(CCC[C@]12C)=C\C=C1\C[C@@H](O)C[C@H](O)C1=C)[C@H](C)\C=C\[C@H](C)C(C)C,C=C1/C(=C\C=C2/CCC[C@]3(C)[C@@H]([C@H](C)/C=C/[C@H](C)C(C)C)CC[C@@H]23)C[C@@H](O)C[C@@H]1O,76,False,,
DB06412,,[H][C@@]12CC[C@](C)(O)[C@@]1(C)CC[C@@]1([H])[C@@]2([H])CC[C@@]2([H])CC(=O)\C(C[C@]12C)=C/O,C[C@]12C/C(=C/O)C(=O)C[C@@H]1CC[C@@H]1[C@@H]2CC[C@@]2(C)[C@H]1CC[C@]2(C)O,63,False,,
DB06413,,NC(=O)C[S@@](=O)C(C1=CC=CC=C1)C1=CC=CC=C1,NC(=O)C[S@@](=O)C(c1ccccc1)c1ccccc1,33,False,,
DB06414,CHEMBL308954,CC1=CC(=CC(C)=C1OC1=C(Br)C(N)=NC(NC2=CC=C(C=C2)C#N)=N1)C#N,Cc1cc(C#N)cc(C)c1Oc1nc(Nc2ccc(C#N)cc2)nc(N)c1Br,48,False,9.221848749616356,True
DB06480,,COCCCN1CCC(CC1)NC(=O)C1=C2OCCC2=C(N)C(Cl)=C1,COCCCN1CCC(NC(=O)c2cc(Cl)c(N)c3c2OCC3)CC1,31,False,,
DB06589,CHEMBL477772,CN(C1=CC2=NN(C)C(C)=C2C=C1)C1=CC=NC(NC2=CC=C(C)C(=C2)S(N)(=O)=O)=N1,Cc1ccc(Nc2nccc(N(C)c3ccc4c(C)n(C)nc4c3)n2)cc1S(N)(=O)=O,56,False,10.539252458155802,True
DB06594,CHEMBL10878,COC1=CC2=C(C=CC=C2CCNC(C)=O)C=C1,COc1ccc2cccc(CCNC(C)=O)c2c1,26,False,10.118615343229427,True
DB06603,CHEMBL483254,CC1=C(CCNCC2=CC=C(\C=C\C(=O)NO)C=C2)C2=CC=CC=C2N1,Cc1[nH]c2ccccc2c1CCNCc1ccc(/C=C/C(=O)NO)cc1,40,False,9.30102999566398,True
DB06605,,COC1=CC=C(C=C1)N1N=C(C(N)=O)C2=C1C(=O)N(CC2)C1=CC=C(C=C1)N1CCCCC1=O,COc1ccc(-n2nc(C(N)=O)c3c2C(=O)N(c2ccc(N4CCCCC4=O)cc2)CC3)cc1,58,False,,
DB06623,CHEMBL255044,CCOC(=O)NC1=C(N)N=C(NCC2=CC=C(F)C=C2)C=C1,CCOC(=O)Nc1ccc(NCc2ccc(F)cc2)nc1N,35,False,6.030002001401658,False
DB06626,CHEMBL1289926,CNC(=O)C1=C(SC2=CC=C3C(NN=C3\C=C\C3=CC=CC=N3)=C2)C=CC=C1,CNC(=O)c1ccccc1Sc1ccc2c(/C=C/c3ccccn3)n[nH]c2c1,48,False,10.28971335229711,True
DB06637,,NC1=CC=NC=C1,Nc1ccncc1,11,False,,
DB06654,CHEMBL396778,C[C@H](NCC1=CC=C(OCC2=CC(F)=CC=C2)C=C1)C(N)=O,C[C@H](NCc1ccc(OCc2cccc(F)c2)cc1)C(N)=O,37,False,10.638272163982409,True
DB06684,CHEMBL439849,NC(=O)C1=CC2=CC(=CC=C2O1)N1CCN(CCCCC2=CNC3=C2C=C(C=C3)C#N)CC1,N#Cc1ccc2[nH]cc(CCCCN3CCN(c4ccc5oc(C(N)=O)cc5c4)CC3)c2c1,48,False,9.958607314841776,True
DB06689,,NCCO.CCCCCCCC\C=C/CCCCCCCC(O)=O,CCCCCCCC/C=C\CCCCCCCC(=O)O.NCCO,15,False,,
DB06691,CHEMBL511,COC1=CC=C(CN(CCN(C)C)C2=NC=CC=C2)C=C1,COc1ccc(CN(CCN(C)C)c2ccccn2)cc1,31,False,10.853871964321762,True
DB06694,CHEMBL312448,CC1=CC(=CC(C)=C1CC1=NCCN1)C(C)(C)C,Cc1cc(C(C)(C)C)cc(C)c1CC1=NCCN1,26,False,7.638272163982407,False
DB06697,,[H][C@@]12CC[C@@H](C)[C@]3([H])CC[C@@]4(C)OO[C@@]13[C@]([H])(O[C@H](OC)[C@@H]2C)O4,CO[C@H]1O[C@@H]2O[C@@]3(C)CC[C@H]4[C@H](C)CC[C@@H]([C@H]1C)[C@@]24OO3,60,False,,
DB06698,,CNCCC1=CC=CC=N1,CNCCc1ccccn1,11,False,,
DB06700,,CN(C)CC(C1=CC=C(O)C=C1)C1(O)CCCCC1,CN(C)CC(c1ccc(O)cc1)C1(O)CCCCC1,29,False,,
DB06701,CHEMBL827,[H][C@@](C(=O)OC)(C1=CC=CC=C1)[C@@]1([H])CCCCN1,COC(=O)[C@H](c1ccccc1)[C@H]1CCCCN1,32,False,7.619788758288394,False
DB06702,,CC(C)N(CC[C@H](C1=CC=CC=C1)C1=C(OC(=O)C(C)C)C=CC(CO)=C1)C(C)C,CC(C)C(=O)Oc1ccc(CO)cc1[C@H](CCN(C(C)C)C(C)C)c1ccccc1,53,False,,
DB06706,,CNC(C)CCC=C(C)C,CNC(C)CCC=C(C)C,13,False,,
DB06707,,C[C@H](N)[C@H](O)C1=CC(O)=C(O)C=C1,C[C@H](N)[C@H](O)c1ccc(O)c(O)c1,31,False,,
DB06709,,CC(C[N+](C)(C)C)OC(C)=O,CC(=O)OC(C)C[N+](C)(C)C,19,False,,
DB06710,,[H][C@@]12CC[C@](C)(O)[C@@]1(C)CC[C@@]1([H])[C@@]2([H])CCC2=CC(=O)CC[C@]12C,C[C@]12CCC(=O)C=C1CC[C@@H]1[C@@H]2CC[C@@]2(C)[C@H]1CC[C@]2(C)O,51,False,,
DB06711,,C(C1=NCCN1)C1=CC=CC2=CC=CC=C12,c1ccc2c(CC3=NCCN3)cccc2c1,24,False,,
DB06712,,COC(=O)C1=C(NC(C)=C(C1C1=CC(=CC=C1)[N+]([O-])=O)C(=O)OC(C)C)C#N,COC(=O)C1=C(C#N)NC(C)=C(C(=O)OC(C)C)C1c1cccc([N+](=O)[O-])c1,48,False,,
DB06713,,[H][C@@]12CC[C@@](O)(C#C)[C@@]1(CC)CC[C@]1([H])[C@@]3([H])CCC(C=C3CC[C@@]21[H])=NO,C#C[C@]1(O)CC[C@H]2[C@@H]3CCC4=CC(=NO)CC[C@@H]4[C@H]3CC[C@@]21CC,56,False,,
DB06714,,CNC(C)CC1CCCCC1,CNC(C)CC1CCCCC1,10,False,,
DB06716,,CC(C)C1=CC=CC(C(C)C)=C1OCOP(O)(O)=O,CC(C)c1cccc(C(C)C)c1OCOP(=O)(O)O,29,False,,
DB06718,CHEMBL2079587,[H][C@@]12CC[C@](C)(O)[C@@]1(C)CC[C@@]1([H])[C@@]2([H])CC[C@@]2([H])CC3=NNC=C3C[C@]12C,C[C@]12Cc3c[nH]nc3C[C@@H]1CC[C@@H]1[C@@H]2CC[C@@]2(C)[C@H]1CC[C@]2(C)O,60,False,7.657577319177793,False
DB06724,,[Ca++].[O-]C([O-])=O,O=C([O-])[O-].[Ca+2],16,False,,
DB06725,,CN1C(C(=O)NC2=CC=CC=N2)=C(O)C2=C(C=C(Cl)S2)S1(=O)=O,CN1C(C(=O)Nc2ccccn2)=C(O)c2sc(Cl)cc2S1(=O)=O,44,False,,
DB06729,,NC1=CC=C(C=C1)S(=O)(=O)NC1=CC=NN1C1=CC=CC=C1,Nc1ccc(S(=O)(=O)Nc2ccnn2-c2ccccc2)cc1,36,False,,
DB06730,,CC[C@]12CC[C@H]3[C@@H](CCC4=CC(=O)CC[C@H]34)[C@@H]1C=C[C@@]2(O)C#C,C#C[C@]1(O)C=C[C@H]2[C@@H]3CCC4=CC(=O)CC[C@@H]4[C@H]3CC[C@@]21CC,52,False,,
DB06736,,OC(=O)COC(=O)CC1=CC=CC=C1NC1=C(Cl)C=CC=C1Cl,O=C(O)COC(=O)Cc1ccccc1Nc1c(Cl)cccc1Cl,33,False,,
DB06737,,CC(C(O)=O)C1=CC=C2SC3=C(C=CC=C3)C(=O)CC2=C1,CC(C(=O)O)c1ccc2c(c1)CC(=O)c1ccccc1S2,38,False,,
DB06738,,CCC(=O)C1(CCN(C)CC1)C1=CC(O)=CC=C1,CCC(=O)C1(c2cccc(O)c2)CCN(C)CC1,27,False,,
DB06739,,CC1=C(C)C(=O)C(C(CCCCCC(O)=O)C2=CC=CC=C2)=C(C)C1=O,CC1=C(C)C(=O)C(C(CCCCCC(=O)O)c2ccccc2)=C(C)C1=O,41,False,,
DB06742,CHEMBL153479,NC1=C(Br)C=C(Br)C=C1CN[C@H]1CC[C@H](O)CC1,Nc1c(Br)cc(Br)cc1CN[C@H]1CC[C@H](O)CC1,36,False,6.253833035622715,False
DB06751,CHEMBL551978,CCOC1=C(OCC)C=C(\C=C2/NCCC3=CC(OCC)=C(OCC)C=C23)C=C1,CCOc1ccc(/C=C2\NCCc3cc(OCC)c(OCC)cc32)cc1OCC,38,False,5.7121982700697735,False
DB06756,,C[N+](C)(C)CC([O-])=O,C[N+](C)(C)CC(=O)[O-],15,False,,
DB06762,CHEMBL1159,CC(N\C(NC#N)=N\C1=CC=NC=C1)C(C)(C)C,CC(N/C(=N/c1ccncc1)NC#N)C(C)(C)C,31,False,7.2247537402597635,False
DB06764,CHEMBL1266,C1CN=C(N1)C1CCCC2=CC=CC=C12,c1ccc2c(c1)CCCC2C1=NCCN1,22,False,7.522878745280337,False
DB06766,,CN1CCC(CC1)=C1C2=NC=C(C=O)N2CCC2=CC=CC=C12,CN1CCC(=C2c3ccccc3CCn3c(C=O)cnc32)CC1,33,False,,
DB06767,,[NH4+].[Cl-],[Cl-].[NH4+],10,False,,
DB06768,,[NH4+].CC(O)C([O-])=O,CC(O)C(=O)[O-].[NH4+],16,False,,
DB06769,,CN1C(CCCC(O)=O)=NC2=CC(=CC=C12)N(CCCl)CCCl,Cn1c(CCCC(=O)O)nc2cc(N(CCCl)CCCl)ccc21,27,False,,
DB06770,,OCC1=CC=CC=C1,OCc1ccccc1,11,False,,
DB06771,,N[C@@H]1CCCCN(C1)C1=C(F)C=C2C(=O)C(=CN(C3CC3)C2=C1Cl)C(O)=O,N[C@@H]1CCCCN(c2c(F)cc3c(=O)c(C(=O)O)cn(C4CC4)c3c2Cl)C1,50,False,,
DB06774,,COC1=C(O)C=CC(CNC(=O)CCCC\C=C\C(C)C)=C1,COc1cc(CNC(=O)CCCC/C=C/C(C)C)ccc1O,31,False,,
DB06775,,NC(=O)N[C@@H](CCC(O)=O)C(O)=O,NC(=O)N[C@@H](CCC(=O)O)C(=O)O,23,False,,
DB06777,,[H][C@@]1(CC[C@@]2([H])[C@]3([H])[C@H](O)C[C@]4([H])C[C@H](O)CC[C@]4(C)[C@@]3([H])CC[C@]12C)[C@H](C)CCC(O)=O,C[C@H](CCC(=O)O)[C@H]1CC[C@H]2[C@@H]3[C@H](O)C[C@@H]4C[C@H](O)CC[C@]4(C)[C@H]3CC[C@]12C,81,False,,
DB06778,,[Cu++].[O-]S([O-])(=O)=O,O=S(=O)([O-])[O-].[Cu+2],19,False,,
DB06780,,[H][C@@]12CC[C@H](C(=O)COC(C)=O)[C@@]1(C)CC[C@@]1([H])[C@@]2([H])CCC2=CC(=O)CC[C@]12C,CC(=O)OCC(=O)[C@H]1CC[C@H]2[C@@H]3CCC4=CC(=O)CC[C@]4(C)[C@H]3CC[C@]12C,59,False,,
DB06782,CHEMBL1597,OCC(S)CS,OCC(S)CS,7,False,6.0,False
DB06786,,[H][C@@]12C[C@H]3OC(C)(C)O[C@@]3(C(=O)CCl)[C@@]1(C)C[C@H](O)[C@@]1(F)[C@@]2([H])CCC2=CC(=O)CC[C@]12C,CC1(C)O[C@@H]2C[C@H]3[C@@H]4CCC5=CC(=O)CC[C@]5(C)[C@@]4(F)[C@@H](O)C[C@]3(C)[C@]2(C(=O)CCl)O1,73,False,,
DB06787,,C[N+]1(C)CCN(CC(O)(C2CCCCC2)C2=CC=CC=C2)CC1,C[N+]1(C)CCN(CC(O)(c2ccccc2)C2CCCCC2)CC1,33,False,,
DB06789,,[H][C@@]12CC[C@](OC(=O)CCCCC)(C(C)=O)[C@@]1(C)CC[C@@]1([H])[C@@]2([H])CCC2=CC(=O)CC[C@]12C,CCCCCC(=O)O[C@]1(C(C)=O)CC[C@H]2[C@@H]3CCC4=CC(=O)CC[C@]4(C)[C@H]3CC[C@@]21C,59,False,,
DB06795,,NCC1=CC=C(C=C1)S(N)(=O)=O,NCc1ccc(S(N)(=O)=O)cc1,21,False,,
DB06797,,CCC(C)C(C)(COC(N)=O)COC(N)=O,CCC(C)C(C)(COC(N)=O)COC(N)=O,21,False,,
DB06799,,C1N2CN3CN1CN(C2)C3,C1N2CN3CN1CN(C2)C3,17,False,,
DB06800,,C[N@+]1(CC2CC2)CC[C@]23[C@H]4OC5=C(O)C=CC(C[C@@H]1[C@]2(O)CCC4=O)=C35,C[N@+]1(CC2CC2)CC[C@]23c4c5ccc(O)c4O[C@H]2C(=O)CC[C@@]3(O)[C@H]1C5,57,False,,
DB06801,,CCCCCCCC(=O)OCC(O)CO,CCCCCCCC(=O)OCC(O)CO,11,False,,
DB06802,,NC(=O)CC1=CC=CC(C(=O)C2=CC=CC=C2)=C1N,NC(=O)Cc1cccc(C(=O)c2ccccc2)c1N,30,False,,
DB06803,CHEMBL1448,OC1=C(C=C(Cl)C=C1)C(=O)NC1=C(Cl)C=C(C=C1)[N+]([O-])=O,O=C(Nc1ccc([N+](=O)[O-])cc1Cl)c1cc(Cl)ccc1O,43,False,9.2518119729938,True
DB06807,CHEMBL1200868,NC1=CC(O)=C(C=C1)C(=O)OC1=CC=CC=C1,Nc1ccc(C(=O)Oc2ccccc2)c(O)c1,29,False,5.73118809626022,False
DB06814,,CC(CC1=CC=C2OCOC2=C1)NCC(O)C1=CC=C(O)C(O)=C1,CC(Cc1ccc2c(c1)OCO2)NCC(O)c1ccc(O)c(O)c1,36,False,,
DB06815,,[O-][N+]1=C(S)C=CC=C1,[O-][n+]1ccccc1S,19,False,,
DB06816,CHEMBL1201303,CN(C)C1=CC2=C(C=C1)[N+](C)=C(\C=C\C1=C(C)N(C(C)=C1)C1=CC=CC=C1)C=C2,Cc1cc(/C=C/c2ccc3cc(N(C)C)ccc3[n+]2C)c(C)n1-c1ccccc1,59,False,8.0,False
DB06819,,OC(=O)CCCC1=CC=CC=C1,O=C(O)CCCc1ccccc1,15,False,,
DB06820,,ClC1=CC=C(CSC(CN2C=CN=C2)C2=C(Cl)C=C(Cl)C=C2)C=C1,Clc1ccc(CSC(Cn2ccnc2)c2ccc(Cl)cc2Cl)cc1,42,False,,
DB06821,,COC1=CN=C(NS(=O)(=O)C2=CC=C(N)C=C2)N=C1,COc1cnc(NS(=O)(=O)c2ccc(N)cc2)nc1,33,False,,
DB06823,,CC(S)C(=O)NCC(O)=O,CC(S)C(=O)NCC(=O)O,15,False,,
DB06824,CHEMBL609,NCCNCCNCCN,NCCNCCNCCN,5,False,5.107905397309519,False
DB06826,,CCCCCCCC(=O)CC[C@H]1[C@H](O)C[C@H](O)[C@@H]1C\C=C/CCCC(O)=O,CCCCCCCC(=O)CC[C@@H]1[C@@H](C/C=C\CCCC(=O)O)[C@@H](O)C[C@H]1O,44,False,,
DB07615,,COC1=CC=C(\C=C\C(=O)NC2=CC=CC=C2C(O)=O)C=C1OC,COc1ccc(/C=C/C(=O)Nc2ccccc2C(=O)O)cc1OC,37,False,,
DB07776,CHEMBL275638,O=C1C=C(OC2=CC=CC=C12)C1=CC=CC=C1,O=c1cc(-c2ccccc2)oc2ccccc12,29,False,8.698970004336019,True
DB08439,CHEMBL1206690,CCC(=O)NS(=O)(=O)C1=CC=C(C=C1)C1=C(C)ON=C1C1=CC=CC=C1,CCC(=O)NS(=O)(=O)c1ccc(-c2c(-c3ccccc3)noc2C)cc1,44,False,8.301029995663981,True
DB08604,,OC1=CC(Cl)=CC=C1OC1=C(Cl)C=C(Cl)C=C1,Oc1cc(Cl)ccc1Oc1ccc(Cl)cc1Cl,30,False,,
DB08792,,CN(C(=O)C(Cl)Cl)C1=CC=C(O)C=C1,CN(C(=O)C(Cl)Cl)c1ccc(O)cc1,27,False,,
DB08796,,O=C(OCCOCCN1CCCCC1)N1C2=CC=CC=C2SC2=C1N=CC=C2,O=C(OCCOCCN1CCCCC1)N1c2ccccc2Sc2cccnc21,34,False,,
DB08797,,NC(=O)C1=CC=CC=C1O,NC(=O)c1ccccc1O,16,False,,
DB08798,,CC1=C(C)N=C(NS(=O)(=O)C2=CC=C(N)C=C2)O1,Cc1nc(NS(=O)(=O)c2ccc(N)cc2)oc1C,35,False,,
DB08799,,C(N(CC1=CC=CC=C1)C1=CC=CC=C1)C1=NCCN1,c1ccc(CN(CC2=NCCN2)c2ccccc2)cc1,31,False,,
DB08800,,CN(C)CCN(CC1=CC=C(Cl)C=C1)C1=CC=CC=N1,CN(C)CCN(Cc1ccc(Cl)cc1)c1ccccn1,31,False,,
DB08801,,CC(C1=C(CCN(C)C)CC2=CC=CC=C12)C1=CC=CC=N1,CC(C1=C(CCN(C)C)Cc2ccccc21)c1ccccn1,34,False,,
DB08802,,CC(CN1C2=CC=CC=C2SC2=C1N=CC=C2)N(C)C,CC(CN1c2ccccc2Sc2cccnc21)N(C)C,32,False,,
DB08803,,CC(C)C1=C(OCC2=NCCN2)C=C(C)C=C1,Cc1ccc(C(C)C)c(OCC2=NCCN2)c1,27,False,,
DB08804,,[H][C@@]12CC[C@H](OC(=O)CCCCCCCCC)[C@@]1(C)CC[C@]1([H])[C@@]3([H])CCC(=O)C=C3CC[C@@]21[H],CCCCCCCCCC(=O)O[C@H]1CC[C@H]2[C@@H]3CCC4=CC(=O)CC[C@@H]4[C@H]3CC[C@]12C,59,False,,
DB08806,,CC(=O)OCC(=O)NCCCOC1=CC=CC(CN2CCCCC2)=C1,CC(=O)OCC(=O)NCCCOc1cccc(CN2CCCCC2)c1,24,False,,
DB08807,,CC1=CC2=C(N1)C=CC=C2OCC(CNC(C)(C)C)OC(=O)C1=CC=CC=C1,Cc1cc2c(OCC(CNC(C)(C)C)OC(=O)c3ccccc3)cccc2[nH]1,42,False,,
DB08808,,CC1=CC(OCC(O)CNC(C)(C)C)=C(Cl)C=C1,Cc1ccc(Cl)c(OCC(O)CNC(C)(C)C)c1,27,False,,
DB08809,,OC(=O)C(Cl)Cl,O=C(O)C(Cl)Cl,11,False,,
DB08810,,CCOC1=CC(N)=C(C=C1C(=O)NC1CCN(CC2CCC=CC2)CC1)[N+]([O-])=O,CCOc1cc(N)c([N+](=O)[O-])cc1C(=O)NC1CCN(CC2CC=CCC2)CC1,38,False,,
DB08811,CHEMBL404216,CCC1C2=CC(OC)=C(OC)C=C2C(=NN=C1C)C1=CC(OC)=C(OC)C=C1,CCC1C(C)=NN=C(c2ccc(OC)c(OC)c2)c2cc(OC)c(OC)cc21,42,False,6.167491087293763,False
DB08814,,CC(=O)OC1=C(C=CC(=C1)C(F)(F)F)C(O)=O,CC(=O)Oc1cc(C(F)(F)F)ccc1C(=O)O,31,False,,
DB08815,,[H][C@@]12[C@H]3CC[C@H](C3)[C@]1([H])C(=O)N(C[C@@H]1CCCC[C@H]1CN1CCN(CC1)C1=NSC3=CC=CC=C13)C2=O,O=C1[C@@H]2[C@H]3CC[C@H](C3)[C@@H]2C(=O)N1C[C@@H]1CCCC[C@H]1CN1CCN(c2nsc3ccccc23)CC1,74,False,,
DB08819,,CC(C)OC(=O)CCC\C=C/C[C@H]1[C@@H](O)C[C@@H](O)[C@@H]1\C=C\C(F)(F)COC1=CC=CC=C1,CC(C)OC(=O)CCC/C=C\C[C@@H]1[C@@H](/C=C/C(F)(F)COc2ccccc2)[C@H](O)C[C@@H]1O,63,False,,
DB08820,,CC(C)(C)C1=CC(=C(O)C=C1NC(=O)C1=CNC2=CC=CC=C2C1=O)C(C)(C)C,CC(C)(C)c1cc(C(C)(C)C)c(NC(=O)c2c[nH]c3ccccc3c2=O)cc1O,49,False,,
DB08824,,[H][C@]12CC[C@]([H])([C@H]([C@H](C1)C1=CC=C([123I])C=C1)C(=O)OC)N2CCCF,COC(=O)[C@H]1[C@@H](c2ccc([123I])cc2)C[C@@H]2CC[C@H]1N2CCCF,51,False,,
DB08826,,CN1C=CC(=O)C(O)=C1C,Cc1c(O)c(=O)ccn1C,17,False,,
DB08828,CHEMBL473417,CS(=O)(=O)C1=CC(Cl)=C(C=C1)C(=O)NC1=CC=C(Cl)C(=C1)C1=CC=CC=N1,CS(=O)(=O)c1ccc(C(=O)Nc2ccc(Cl)c(-c3ccccn3)c2)c(Cl)c1,49,False,9.397940008672036,True
DB08834,CHEMBL272427,[H][C@@]12CC[C@H]([C@H](C)CCC(=O)NCCS(O)(=O)=O)[C@@]1(C)CC[C@@]1([H])[C@@]2([H])[C@@H](O)C[C@]2([H])C[C@H](O)CC[C@]12C,C[C@H](CCC(=O)NCCS(=O)(=O)O)[C@H]1CC[C@H]2[C@@H]3[C@@H](O)C[C@@H]4C[C@H](O)CC[C@]4(C)[C@H]3CC[C@]12C,83,False,5.522878745280337,False
DB08842,,CC(=O)O[C@H](CC([O-])=O)C[N+](C)(C)C,CC(=O)O[C@H](CC(=O)[O-])C[N+](C)(C)C,27,False,,
DB08847,,O[C@H]1CN[C@@H](C1)C(O)=O,O=C(O)[C@@H]1C[C@@H](O)CN1,23,False,,
DB08860,,O[C@H](C[C@H](O)\C=C\C1=C(N=C2C=CC=CC2=C1C1=CC=C(F)C=C1)C1CC1)CC(O)=O,O=C(O)C[C@H](O)C[C@H](O)/C=C/c1c(C2CC2)nc2ccccc2c1-c1ccc(F)cc1,62,False,,
DB08864,,CC1=CC(\C=C\C#N)=CC(C)=C1NC1=CC=NC(NC2=CC=C(C=C2)C#N)=N1,Cc1cc(/C=C/C#N)cc(C)c1Nc1ccnc(Nc2ccc(C#N)cc2)n1,46,False,,
DB08865,CHEMBL601719,C[C@@H](OC1=CC(=CN=C1N)C1=CN(N=C1)C1CCNCC1)C1=C(Cl)C=CC(F)=C1Cl,C[C@@H](Oc1cc(-c2cnn(C3CCNCC3)c2)cnc1N)c1c(Cl)ccc(F)c1Cl,50,False,9.292429823902063,True
DB08867,,CN(C)C1=CC=C(C=C1)[C@H]1C[C@@]2(C)[C@@H](CC[C@]2(O)C(C)=O)[C@@H]2CCC3=CC(=O)CCC3=C12,CC(=O)[C@@]1(O)CC[C@H]2[C@@H]3CCC4=CC(=O)CCC4=C3[C@@H](c3ccc(N(C)C)cc3)C[C@@]21C,66,False,,
DB08868,CHEMBL314854,CCCCCCCCC1=CC=C(CCC(N)(CO)CO)C=C1,CCCCCCCCc1ccc(CCC(N)(CO)CO)cc1,22,False,8.214670164989233,True
DB08872,,CC(C)C(=O)OC(C)OC(=O)NCC1(CC(O)=O)CCCCC1,CC(OC(=O)NCC1(CC(=O)O)CCCCC1)OC(=O)C(C)C,29,False,,
DB08877,,N#CC[C@H](C1CCCC1)N1C=C(C=N1)C1=C2C=CNC2=NC=N1,N#CC[C@H](C1CCCC1)n1cc(-c2ncnc3[nH]ccc23)cn1,40,False,,
DB08880,CHEMBL973,C\C(O)=C(/C#N)C(=O)NC1=CC=C(C=C1)C(F)(F)F,C/C(O)=C(\C#N)C(=O)Nc1ccc(C(F)(F)F)cc1,37,False,8.045757490560675,False
DB08881,,CCCS(=O)(=O)NC1=C(F)C(C(=O)C2=CNC3=NC=C(C=C23)C2=CC=C(Cl)C=C2)=C(F)C=C1,CCCS(=O)(=O)Nc1ccc(F)c(C(=O)c2c[nH]c3ncc(-c4ccc(Cl)cc4)cc23)c1F,58,False,,
DB08882,,CC#CCN1C(=NC2=C1C(=O)N(CC1=NC3=C(C=CC=C3)C(C)=N1)C(=O)N2C)N1CCC[C@@H](N)C1,CC#CCn1c(N2CCC[C@@H](N)C2)nc2c1c(=O)n(Cc1nc(C)c3ccccc3n1)c(=O)n2C,61,False,,
DB08883,,O=C1N(C=C(C=C1C1=CC=CC=C1C#N)C1=NC=CC=C1)C1=CC=CC=C1,N#Cc1ccccc1-c1cc(-c2ccccn2)cn(-c2ccccc2)c1=O,48,False,,
DB08887,,CCOC(=O)CCC\C=C/C\C=C/C\C=C/C\C=C/C\C=C/CC,CC/C=C\C/C=C\C/C=C\C/C=C\C/C=C\CCCC(=O)OCC,37,False,,
DB08893,,NC1=NC(CC(=O)NC2=CC=C(CCNC[C@H](O)C3=CC=CC=C3)C=C2)=CS1,Nc1nc(CC(=O)Nc2ccc(CCNC[C@H](O)c3ccccc3)cc2)cs1,43,False,,
DB08895,,[H][C@@]1(C)CCN(C[C@]1([H])N(C)C1=NC=NC2=C1C=CN2)C(=O)CC#N,C[C@@H]1CCN(C(=O)CC#N)C[C@@H]1N(C)c1ncnc2[nH]ccc12,48,False,,
DB08896,,CNC(=O)C1=CC(OC2=CC(F)=C(NC(=O)NC3=CC=C(Cl)C(=C3)C(F)(F)F)C=C2)=CC=N1,CNC(=O)c1cc(Oc2ccc(NC(=O)Nc3ccc(Cl)c(C(F)(F)F)c3)c(F)c2)ccn1,55,False,,
DB08897,,OC(C(=O)O[C@H]1C[N+]2(CCCOC3=CC=CC=C3)CCC1CC2)(C1=CC=CS1)C1=CC=CS1,O=C(O[C@H]1C[N+]2(CCCOc3ccccc3)CCC1CC2)C(O)(c1cccs1)c1cccs1,51,False,,
DB08899,,CNC(=O)C1=C(F)C=C(C=C1)N1C(=S)N(C(=O)C1(C)C)C1=CC=C(C#N)C(=C1)C(F)(F)F,CNC(=O)c1ccc(N2C(=S)N(c3ccc(C#N)c(C(F)(F)F)c3)C(=O)C2(C)C)cc1F,64,False,,
DB08905,,[H][C@@]12CCC(=O)[C@@]1(C)CC[C@@]1([H])[C@@]2([H])CCC2=C(O)C(=O)CC[C@]12C,C[C@]12CCC(=O)C(O)=C1CC[C@@H]1[C@@H]2CC[C@]2(C)C(=O)CC[C@@H]12,51,False,,
DB08907,CHEMBL2048484,[H][C@]1(O[C@H](CO)[C@@H](O)[C@H](O)[C@H]1O)C1=CC=C(C)C(CC2=CC=C(S2)C2=CC=C(F)C=C2)=C1,Cc1ccc([C@@H]2O[C@H](CO)[C@@H](O)[C@H](O)[C@H]2O)cc1Cc1ccc(-c2ccc(F)cc2)s1,73,False,8.657577319177793,True
DB08908,CHEMBL2107333,[H]\C(=C(\[H])C(=O)OC)C(=O)OC,COC(=O)/C=C/C(=O)OC,24,False,6.886056647693163,False
DB08910,,NC1=CC=CC2=C1C(=O)N(C1CCC(=O)NC1=O)C2=O,Nc1cccc2c1C(=O)N(C1CCC(=O)NC1=O)C2=O,33,False,,
DB08916,,CN(C)C\C=C\C(=O)NC1=C(O[C@H]2CCOC2)C=C2N=CN=C(NC3=CC(Cl)=C(F)C=C3)C2=C1,CN(C)C/C=C/C(=O)Nc1cc2c(Nc3ccc(F)c(Cl)c3)ncnc2cc1O[C@H]1CCOC1,62,False,,
DB08918,,CCN(CC)C(=O)[C@]1(C[C@H]1CN)C1=CC=CC=C1,CCN(CC)C(=O)[C@@]1(c2ccccc2)C[C@H]1CN,32,False,,
DB08922,,[H][C@@]12CCCC[C@]1([H])C(=O)N(CCCCN1CCN(CC1)C1=NSC3=CC=CC=C13)C2=O,O=C1[C@H]2CCCC[C@H]2C(=O)N1CCCCN1CCN(c2nsc3ccccc23)CC1,47,False,,
DB08924,,CC(CC1=CC=CC=C1)\N=C\C(Cl)(Cl)Cl,CC(Cc1ccccc1)/N=C/C(Cl)(Cl)Cl,25,False,,
DB08930,CHEMBL1229211,[H][C@]12CN3C=C(C(=O)NCC4=CC=C(F)C=C4F)C(=O)C(O)=C3C(=O)N1[C@H](C)CCO2,C[C@@H]1CCO[C@H]2Cn3cc(C(=O)NCc4ccc(F)cc4F)c(=O)c(O)c3C(=O)N12,58,False,9.30102999566398,True
DB08931,,COC(=O)N(C)C1=C(N)N=C(N=C1N)C1=NN(CC2=C(F)C=CC=C2)C2=C1C=CC=N2,COC(=O)N(C)c1c(N)nc(-c2nn(Cc3ccccc3F)c3ncccc23)nc1N,57,False,,
DB08933,,ClC1=CC(Cl)=C(C=C1)[C@@H]1CS\C(S1)=C(\C#N)N1C=CN=C1,N#C/C(=C1/SC[C@@H](c2ccc(Cl)cc2Cl)S1)n1ccnc1,42,False,,
DB08936,,CN1CCN(CC1)C(C1=CC=CC=C1)C1=CC=C(Cl)C=C1,CN1CCN(C(c2ccccc2)c2ccc(Cl)cc2)CC1,34,False,,
DB08941,,C[C@H](COC1=CC=CC=C1)N[C@H](C)[C@@H](O)C1=CC=C(O)C=C1,C[C@H](COc1ccccc1)N[C@H](C)[C@@H](O)c1ccc(O)cc1,45,False,,
DB08943,,ClC1=CC(Cl)=C(C=C1)C(CN1C=CN=C1)OCC1=C(Cl)C=CC=C1Cl,Clc1ccc(C(Cn2ccnc2)OCc2c(Cl)cccc2Cl)c(Cl)c1,41,False,,
DB08944,,CC(C)[C@@](C[C@H](C)N(C)C)(C#N)C1=CC=CC=C1,CC(C)[C@](C#N)(C[C@H](C)N(C)C)c1ccccc1,35,False,,
DB08954,CHEMBL305187,CC(C(O)C1=CC=C(O)C=C1)N1CCC(CC2=CC=CC=C2)CC1,CC(C(O)c1ccc(O)cc1)N1CCC(Cc2ccccc2)CC1,38,False,9.136677139879543,True
DB08958,CHEMBL144673,CCCCC(CC)CN1CN(CC(CC)CCCC)CC(C)(N)C1,CCCCC(CC)CN1CN(CC(CC)CCCC)CC(C)(N)C1,24,False,4.575561046821542,False
DB08964,,CCCCC(C)(C)[C@H](O)\C=C\[C@H]1[C@H](O)CC(=O)[C@@H]1CCCC\C=C\C(=O)OC,CCCCC(C)(C)[C@H](O)/C=C/[C@H]1[C@H](O)CC(=O)[C@@H]1CCCC/C=C/C(=O)OC,50,False,,
DB08966,,C\C(N(CC1=C(N)N=C(C)N=C1)C=O)=C(\CCO)SSCC1CCCO1,C/C(=C(/CCO)SSCC1CCCO1)N(C=O)Cc1cnc(C)nc1N,39,False,,
DB08967,,CC(CN1C2=CC=CC=C2SC2=C1C=C(C=C2)S(=O)(=O)N(C)C)N(C)C,CC(CN1c2ccccc2Sc2ccc(S(=O)(=O)N(C)C)cc21)N(C)C,46,False,,
DB08968,,CN(CC(=O)N1CCOCC1)CC1=C(Cl)C=CC=C1NC(=O)C1=CC=CC=C1,CN(CC(=O)N1CCOCC1)Cc1c(Cl)cccc1NC(=O)c1ccccc1,39,False,,
DB08970,,[H][C@@]12CC(=C)[C@](O)(C(=O)CO)[C@@]1(C)C[C@H](O)[C@@]1(F)[C@@]2([H])CCC2=CC(=O)C=C[C@]12C,C=C1C[C@H]2[C@@H]3CCC4=CC(=O)C=C[C@]4(C)[C@@]3(F)[C@@H](O)C[C@]2(C)[C@@]1(O)C(=O)CO,64,False,,
DB08971,,[H][C@@]1(C)C[C@@]2([H])[C@]3([H])C[C@]([H])(F)C4=CC(=O)C=C[C@]4(C)[C@@]3([H])[C@@]([H])(O)C[C@]2(C)[C@@]1([H])C(=O)CO,C[C@@H]1C[C@H]2[C@@H]3C[C@H](F)C4=CC(=O)C=C[C@]4(C)[C@H]3[C@@H](O)C[C@]2(C)[C@H]1C(=O)CO,87,False,,
DB08973,,[H][C@@]12C[C@@]3([H])[C@]4([H])C[C@H](F)C5=CC(=O)C=C[C@]5(C)[C@@]4(Cl)[C@@H](Cl)C[C@]3(C)[C@@]1(OC(C)(C)O2)C(=O)CO,CC1(C)O[C@@H]2C[C@H]3[C@@H]4C[C@H](F)C5=CC(=O)C=C[C@]5(C)[C@@]4(Cl)[C@@H](Cl)C[C@]3(C)[C@]2(C(=O)CO)O1,87,False,,
DB08974,CHEMBL1454946,COC(=O)NC1=NC2=C(N1)C=CC(=C2)C(=O)C1=CC=C(F)C=C1,COC(=O)Nc1nc2cc(C(=O)c3ccc(F)cc3)ccc2[nH]1,41,False,6.903089986991944,False
DB08976,,OCC(O)COC(=O)C1=CC=CC=C1NC1=CC=NC2=C(C=CC=C12)C(F)(F)F,O=C(OCC(O)CO)c1ccccc1Nc1ccnc2c(C(F)(F)F)cccc12,43,False,,
DB08979,,O=C1NCC2(CCN(CCC3=CC=CC=C3)CC2)O1,O=C1NCC2(CCN(CCc3ccccc3)CC2)O1,26,False,,
DB08981,CHEMBL277522,OC(=O)CCC(=O)C1=CC=C(C=C1)C1=CC=CC=C1,O=C(O)CCC(=O)c1ccc(-c2ccccc2)cc1,31,False,5.4089353929735005,False
DB08982,,[H]\C(C(=O)OCC)=C1\SC(N2CCCCC2)C(=O)N1C,CCOC(=O)/C=C1\SC(N2CCCCC2)C(=O)N1C,31,False,,
DB08983,,CC(C)(OC1=CC=C(Cl)C=C1)C(=O)OCCOC(=O)C1=CN=CC=C1,CC(C)(Oc1ccc(Cl)cc1)C(=O)OCCOC(=O)c1cccnc1,37,False,,
DB08984,,OCCOCCOC(=O)C1=CC=CC=C1NC1=CC=CC(=C1)C(F)(F)F,O=C(OCCOCCO)c1ccccc1Nc1cccc(C(F)(F)F)c1,33,False,,
DB08987,,CCCN(CC)C(CC)C(=O)NC1=C(C)C=CC=C1C,CCCN(CC)C(CC)C(=O)Nc1c(C)cccc1C,28,False,,
DB08988,,CCOC(=O)C1(CCCN(C)CC1)C1=CC=CC=C1,CCOC(=O)C1(c2ccccc2)CCCN(C)CC1,25,False,,
DB08990,,CCOC(CN1CCN(CC(C)C(=O)C2=CC=CC=C2)CC1)C1=CC=CC=C1,CCOC(CN1CCN(CC(C)C(=O)c2ccccc2)CC1)c1ccccc1,38,False,,
DB08991,,COC1=CC(C)=NN1C1=NC(C)=CC(OC)=N1,COc1cc(C)nc(-n2nc(C)cc2OC)n1,24,False,,
DB08992,,CCC1=CC=C(C=C1)C(=O)C(C)CN1CCCCC1,CCc1ccc(C(=O)C(C)CN2CCCCC2)cc1,26,False,,
DB08994,,OCCN(CCO)C1=NC(=C(O1)C1=CC=CC=C1)C1=CC=CC=C1,OCCN(CCO)c1nc(-c2ccccc2)c(-c2ccccc2)o1,35,False,,
DB08996,,CN(C)CCCN1C2=CC=CC=C2C(C)(C)C2=CC=CC=C12,CN(C)CCCN1c2ccccc2C(C)(C)c2ccccc21,32,False,,
DB08998,,CNCCON=C1C2=CC=CC=C2C=CC2=CC=CC=C12,CNCCON=c1c2ccccc2ccc2ccccc12,28,False,,
DB09000,,CC(CN(C)C)CN1C2=CC=CC=C2SC2=C1C=C(C=C2)C#N,CC(CN(C)C)CN1c2ccccc2Sc2ccc(C#N)cc21,38,False,,
DB09002,,ClC1=CC=C(C=C1)C(OCCN1CCCCC1)C1=CC=CC=C1,Clc1ccc(C(OCCN2CCCCC2)c2ccccc2)cc1,30,False,,
DB09003,,OC(=N)C1(CCN(CCCN2C3=CC=CC=C3CCC3=C2C=C(Cl)C=C3)CC1)N1CCCCC1,N=C(O)C1(N2CCCCC2)CCN(CCCN2c3ccccc3CCc3ccc(Cl)cc32)CC1,45,False,,
DB09006,,CCC(C)(OC1=CC=C(C=C1)C1(CCCCC1)C1=CC=C(OC(C)(CC)C(O)=O)C=C1)C(O)=O,CCC(C)(Oc1ccc(C2(c3ccc(OC(C)(CC)C(=O)O)cc3)CCCCC2)cc1)C(=O)O,53,False,,
DB09008,,[H][C@]12SCC(C[N+]3=CC=CC=C3)=C(N1C(=O)[C@H]2NC(=O)CC1=CC=CS1)C([O-])=O,O=C(Cc1cccs1)N[C@@H]1C(=O)N2C(C(=O)[O-])=C(C[n+]3ccccc3)CS[C@H]12,53,False,,
DB09009,,CCCNC(C)C(=O)NC1=C(SC=C1C)C(=O)OC,CCCNC(C)C(=O)Nc1c(C)csc1C(=O)OC,26,False,,
DB09012,,CN1CC(O)C2=C\C(=N\NC(N)=O)C(=O)C=C12,CN1CC(O)C2=C/C(=N/NC(N)=O)C(=O)C=C21,31,False,,
DB09014,,CCCCSC1=CC=C(C=C1)C(SCCN(C)C)C1=CC=CC=C1,CCCCSc1ccc(C(SCCN(C)C)c2ccccc2)cc1,31,False,,
DB09015,,[H][C@@]12CC[C@@](O)(CCC(O)=O)[C@@]1(C)CC[C@@]1([H])[C@@]2([H])C=CC2=CC(=O)CC[C@]12C,C[C@]12CCC(=O)C=C1C=C[C@@H]1[C@@H]2CC[C@@]2(C)[C@H]1CC[C@@]2(O)CCC(=O)O,57,False,,
DB09017,CHEMBL32479,CC1=NN=C2CN=C(C3=C(SC(Br)=C3)N12)C1=CC=CC=C1Cl,Cc1nnc2n1-c1sc(Br)cc1C(c1ccccc1Cl)=NC2,38,False,8.585026652029182,True
DB09018,,CCN(CC)CCNC(=O)C1=CC(Br)=C(N)C=C1OC,CCN(CC)CCNC(=O)c1cc(Br)c(N)cc1OC,26,False,,
DB09019,CHEMBL253376,CN(CC1=CC(Br)=CC(Br)=C1N)C1CCCCC1,CN(Cc1cc(Br)cc(Br)c1N)C1CCCCC1,23,False,7.229147988357855,False
DB09020,CHEMBL942,CC(=O)OC1=CC=C(C=C1)C(C1=CC=C(OC(C)=O)C=C1)C1=CC=CC=N1,CC(=O)Oc1ccc(C(c2ccc(OC(C)=O)cc2)c2ccccn2)cc1,47,False,6.041708532070838,False
DB09021,,CNCC12CCC(C3=CC=CC=C13)C1=CC=CC=C21,CNCC12CCC(c3ccccc31)c1ccccc12,25,False,,
DB09028,CHEMBL497939,O=C1C=CC=C2[C@H]3CNC[C@H](C3)CN12,O=c1cccc2n1C[C@@H]1CNC[C@H]2C1,29,False,7.301029995663981,False
DB09030,CHEMBL493982,[H][C@@]12C[C@]3([H])C[C@@H](CC[C@@]3([H])[C@H](\C=C\C3=CC=C(C=N3)C3=CC(F)=CC=C3)[C@]1([H])[C@@H](C)OC2=O)NC(=O)OCC,CCOC(=O)N[C@@H]1CC[C@@H]2[C@@H](C1)C[C@H]1C(=O)O[C@H](C)[C@H]1[C@H]2/C=C/c1ccc(-c2cccc(F)c2)cn1,88,False,8.958607314841775,True
DB09031,,CCCCCCCCCCCCCCCCOP([O-])(=O)OCC[N+](C)(C)C,CCCCCCCCCCCCCCCCOP(=O)([O-])OCC[N+](C)(C)C,21,False,,
DB09034,,[H][C@@]1(C)CCN(CCN1C(=O)C1=C(C=CC(C)=C1)N1N=CC=N1)C1=NC2=C(O1)C=CC(Cl)=C2,Cc1ccc(-n2nccn2)c(C(=O)N2CCN(c3nc4cc(Cl)ccc4o3)CC[C@H]2C)c1,61,False,,
DB09038,CHEMBL2107830,OC[C@H]1O[C@H]([C@H](O)[C@@H](O)[C@@H]1O)C1=CC=C(Cl)C(CC2=CC=C(O[C@H]3CCOC3)C=C2)=C1,OC[C@H]1O[C@@H](c2ccc(Cl)c(Cc3ccc(O[C@H]4CCOC4)cc3)c2)[C@H](O)[C@@H](O)[C@@H]1O,69,False,8.508638306165727,True
DB09039,CHEMBL2110588,CCCCCCCC(=O)N[C@H](CN1CCCC1)[C@H](O)C1=CC=C2OCCOC2=C1,CCCCCCCC(=O)N[C@H](CN1CCCC1)[C@H](O)c1ccc2c(c1)OCCO2,35,False,7.795880017344075,False
DB09040,,C[C@@H](N1CCC(=C)CC1)[C@](O)(CN1C=NC=N1)C1=C(F)C=C(F)C=C1,C=C1CCN([C@H](C)[C@](O)(Cn2cncn2)c2ccc(F)cc2F)CC1,47,False,,
DB09047,,[H][C@]12CN(C[C@]1([H])OCCN2)C1=C(F)C=C2C(=O)C(=CN(C3CC3)C2=C1C#N)C(O)=O,N#Cc1c(N2C[C@@H]3NCCO[C@H]3C2)c(F)cc2c(=O)c(C(=O)O)cn(C3CC3)c12,60,False,,
DB09053,,NC1=NC=NC2=C1C(=NN2[C@@H]1CCCN(C1)C(=O)C=C)C1=CC=C(OC2=CC=CC=C2)C=C1,C=CC(=O)N1CCC[C@@H](n2nc(-c3ccc(Oc4ccccc4)cc3)c3c(N)ncnc32)C1,56,False,,
DB09054,,[H][C@@](CC)(NC1=NC=NC2=C1N=CN2)C1=NC2=CC=CC(F)=C2C(=O)N1C1=CC=CC=C1,CC[C@H](Nc1ncnc2[nH]cnc12)c1nc2cccc(F)c2c(=O)n1-c1ccccc1,53,False,,
DB09055,,CC1=[N+]([O-])C=C(N=C1)C(O)=O,Cc1cnc(C(=O)O)c[n+]1[O-],23,False,,
DB09056,,[H]C(C)(CN1C[C@]([H])(C)O[C@]([H])(C)C1)CC1=CC=C(C=C1)C(C)(C)CC,CCC(C)(C)c1ccc(CC(C)CN2C[C@@H](C)O[C@@H](C)C2)cc1,51,False,,
DB09060,CHEMBL1689063,NC(=O)[C@@H]1CC[C@@H]2CN1C(=O)N2OS(O)(=O)=O,NC(=O)[C@@H]1CC[C@@H]2CN1C(=O)N2OS(=O)(=O)O,33,False,9.0,True
DB09061,CHEMBL190461,CCCCCC1=CC(O)=C([C@@H]2C=C(C)CC[C@H]2C(C)=C)C(O)=C1,C=C(C)[C@@H]1CCC(C)=C[C@H]1c1c(O)cc(CCCCC)cc1O,41,False,9.346787486224656,True
DB09064,,CC(C)(OC1=CC=C(C=C1)C1CC1(Cl)Cl)C(O)=O,CC(C)(Oc1ccc(C2CC2(Cl)Cl)cc1)C(=O)O,32,False,,
DB09068,CHEMBL2104993,CC1=CC=C(SC2=CC=CC=C2N2CCNCC2)C(C)=C1,Cc1ccc(Sc2ccccc2N2CCNCC2)c(C)c1,29,False,8.537602002101044,True
DB09069,,COC1=C(OC)C(OC)=C(CN2CCNCC2)C=C1,COc1ccc(CN2CCNCC2)c(OC)c1OC,24,False,,
DB09070,,[H][C@@]12CC[C@@](O)(C#C)[C@@]1(C)CC[C@]1([H])C3=C(CC(=O)CC3)C[C@@]([H])(C)[C@@]21[H],C#C[C@]1(O)CC[C@H]2[C@@H]3[C@H](C)CC4=C(CCC(=O)C4)[C@H]3CC[C@@]21C,60,False,,
DB09071,,CCC(=O)NC[C@@H]1C[C@H]1C1=CC=CC2=C1CCO2,CCC(=O)NC[C@@H]1C[C@H]1c1cccc2c1CCO2,32,False,,
DB09072,,[Na+].OCCCC([O-])=O,O=C([O-])CCCO.[Na+],12,False,,
DB09073,,CC(=O)C1=C(C)C2=CN=C(NC3=NC=C(C=C3)N3CCNCC3)N=C2N(C2CCCC2)C1=O,CC(=O)c1c(C)c2cnc(Nc3ccc(N4CCNCC4)cn3)nc2n(C2CCCC2)c1=O,52,False,,
DB09074,,FC1=CC=C(CC2=NNC(=O)C3=CC=CC=C23)C=C1C(=O)N1CCN(CC1)C(=O)C1CC1,O=C(c1cc(Cc2n[nH]c(=O)c3ccccc23)ccc1F)N1CCN(C(=O)C2CC2)CC1,49,False,,
DB09076,,OC(C1=CC=CC=C1)(C1=CC=CC=C1)C12CC[N+](CCOCC3=CC=CC=C3)(CC1)CC2,OC(c1ccccc1)(c1ccccc1)C12CC[N+](CCOCc3ccccc3)(CC1)CC2,45,False,,
DB09078,,COC1=C(C=C2C(OC3=CC=C(NC(=O)NC4CC4)C(Cl)=C3)=CC=NC2=C1)C(N)=O,COc1cc2nccc(Oc3ccc(NC(=O)NC4CC4)c(Cl)c3)c2cc1C(N)=O,49,False,,
DB09080,,COC1=CC=C(CC(C)(C)NC[C@H](O)C2=C3OCC(=O)NC3=CC(O)=C2)C=C1,COc1ccc(CC(C)(C)NC[C@H](O)c2cc(O)cc3c2OCC(=O)N3)cc1,46,False,,
DB09081,,COC1=C(OC)C(=O)C(CCCCCCCCCCCCO)=C(C)C1=O,COC1=C(OC)C(=O)C(CCCCCCCCCCCCO)=C(C)C1=O,26,False,,
DB09082,,OCC1=C(O)C=CC(=C1)[C@@H](O)CNCCCCCCOCCOCC1=C(Cl)C=CC=C1Cl,OCc1cc([C@@H](O)CNCCCCCCOCCOCc2c(Cl)cccc2Cl)ccc1O,38,False,,
DB09083,,COC1=C(OC)C=C2[C@@H](CN(C)CCCN3CCC4=CC(OC)=C(OC)C=C4CC3=O)CC2=C1,COc1cc2c(cc1OC)CC(=O)N(CCCN(C)C[C@H]1Cc3cc(OC)c(OC)cc31)CC2,49,False,,
DB09084,CHEMBL12610,CN(C)CCCOC1=NN(CC2=CC=CC=C2)C2=CC=CC=C12,CN(C)CCCOc1nn(Cc2ccccc2)c2ccccc12,30,False,5.175874166083451,False
DB09085,,CCCCNC1=CC=C(C=C1)C(=O)OCCN(C)C,CCCCNc1ccc(C(=O)OCCN(C)C)cc1,23,False,,
DB09086,,COC1=C(O)C=CC(CC=C)=C1,C=CCc1ccc(O)c(OC)c1,19,False,,
DB09088,,CCC(C)(CN(C)C)OC(=O)C1=CC=CC=C1,CCC(C)(CN(C)C)OC(=O)c1ccccc1,25,False,,
DB09089,CHEMBL190044,CCC(COC(=O)C1=CC(OC)=C(OC)C(OC)=C1)(N(C)C)C1=CC=CC=C1,CCC(COC(=O)c1cc(OC)c(OC)c(OC)c1)(c1ccccc1)N(C)C,41,False,5.0,False
DB09091,,[H][C@@]12CC[C@](O)(C(=O)CS)[C@@]1(C)C[C@H](O)[C@@]1([H])[C@@]2([H])CCC2=CC(=O)CC[C@]12C,C[C@]12CCC(=O)C=C1CC[C@@H]1[C@@H]2[C@@H](O)C[C@@]2(C)[C@H]1CC[C@]2(O)C(=O)CS,61,False,,
DB09092,,CN(CCO)CC(O)CN1C=NC2=C1C(=O)N(C)C(=O)N2C,CN(CCO)CC(O)Cn1cnc2c1c(=O)n(C)c(=O)n2C,34,False,,
DB09095,,[H][C@@]12C[C@@H](C)[C@H](C(=O)CO)[C@@]1(C)C[C@H](O)[C@@]1(F)[C@@]2([H])C[C@H](F)C2=CC(=O)C=C[C@]12C,C[C@@H]1C[C@H]2[C@@H]3C[C@H](F)C4=CC(=O)C=C[C@]4(C)[C@@]3(F)[C@@H](O)C[C@]2(C)[C@H]1C(=O)CO,76,False,,
DB09096,,O=C(OOC(=O)C1=CC=CC=C1)C1=CC=CC=C1,O=C(OOC(=O)c1ccccc1)c1ccccc1,30,False,,
DB09097,,[H][C@]12C[C@@H](CN(CCC)[C@]1([H])CC1=CC=CC(O)=C1C2)NS(=O)(=O)N(CC)CC,CCCN1C[C@@H](NS(=O)(=O)N(CC)CC)C[C@@H]2Cc3c(O)cccc3C[C@H]21,50,False,,
DB09101,,[H][C@@](CO)(C(C)C)N1C=C(C(O)=O)C(=O)C2=C1C=C(OC)C(CC1=C(F)C(Cl)=CC=C1)=C2,COc1cc2c(cc1Cc1cccc(Cl)c1F)c(=O)c(C(=O)O)cn2[C@H](CO)C(C)C,62,False,,
DB09104,,[OH-].[OH-].[Mg++],[Mg+2].[OH-].[OH-],15,False,,
DB09110,,OS(=O)(=O)CCS,O=S(=O)(O)CCS,9,False,,
DB09112,,ON=O,O=NO,5,False,,
DB09115,,OC1=C2N=CC=CC2=C(I)C=C1I,Oc1c(I)cc(I)c2cccnc12,23,False,,
DB09117,,CC1OC(C)OC(C)O1,CC1OC(C)OC(C)O1,14,False,,
DB09118,,CC(C)(C)C(O)\C=C\C1=CC2=C(OCO2)C=C1,CC(C)(C)C(O)/C=C/c1ccc2c(c1)OCO2,31,False,,
DB09119,,CC(=O)O[C@H]1CC2=CC=CC=C2N(C(N)=O)C2=CC=CC=C12,CC(=O)O[C@H]1Cc2ccccc2N(C(N)=O)c2ccccc21,39,False,,
DB09120,,COC1=C(O)C=CC(CNC(=O)CCCC\C=C/C(C)C)=C1,COc1cc(CNC(=O)CCCC/C=C\C(C)C)ccc1O,31,False,,
DB09123,,[H][C@@]12CC[C@@](O)(CC#N)[C@@]1(C)CCC1=C3CCC(=O)C=C3CC[C@@]21[H],C[C@]12CCC3=C4CCC(=O)C=C4CC[C@H]3[C@@H]1CC[C@@]2(O)CC#N,45,False,,
DB09124,,[H][C@@]12CC[C@](C)(C(C)=O)[C@@]1(C)CC[C@@]1([H])[C@@]2([H])C=C(C)C2=CC(=O)CC[C@]12C,CC(=O)[C@@]1(C)CC[C@H]2[C@@H]3C=C(C)C4=CC(=O)CC[C@]4(C)[C@H]3CC[C@@]21C,61,False,,
DB09128,,O=C1NC2=CC(OCCCCN3CCN(CC3)C3=C4C=CSC4=CC=C3)=CC=C2C=C1,O=c1ccc2ccc(OCCCCN3CCN(c4cccc5sccc45)CC3)cc2[nH]1,41,False,,
DB09138,,O.O.[98Tc+4].[O-]P([O-])(=O)CP([O-])([O-])=O,O.O.O=P([O-])([O-])CP(=O)([O-])[O-].[98Tc+4],33,False,,
DB09140,,O=O,O=O,5,False,,
DB09143,,[H][C@]1(C)CN(C[C@@]([H])(C)O1)C1=CC=C(NC(=O)C2=CC=CC(=C2C)C2=CC=C(OC(F)(F)F)C=C2)C=N1,Cc1c(C(=O)Nc2ccc(N3C[C@@H](C)O[C@@H](C)C3)nc2)cccc1-c1ccc(OC(F)(F)F)cc1,71,False,,
DB09144,,CC(=O)OC[C@H]1O[C@H]([C@H](OC(C)=O)[C@@H]1OC(C)=O)N1C=CC(=O)NC1=O,CC(=O)OC[C@H]1O[C@@H](n2ccc(=O)[nH]c2=O)[C@H](OC(C)=O)[C@@H]1OC(C)=O,52,False,,
DB09145,,O,O,3,False,,
DB09148,,CNC1=CC=C(\C=C\C2=CC=C(OCCOCCOCC[18F])C=C2)C=C1,CNc1ccc(/C=C/c2ccc(OCCOCCOCC[18F])cc2)cc1,37,False,,
DB09149,,[H]N(C1=C([H])C([H])=C(\C([H])=C(/[H])C2=C([H])N=C(OC([H])([H])C([H])([H])OC([H])([H])C([H])([H])OC([H])([H])C([H])([H])[18F])C([H])=C2[H])C([H])=C1[H])C([H])([H])[H],CNc1ccc(/C=C/c2ccc(OCCOCCOCC[18F])nc2)cc1,128,True,,
DB09151,,CNC1=C([18F])C=C(C=C1)C1=NC2=CC=C(O)C=C2S1,CNc1ccc(-c2nc3ccc(O)cc3s2)cc1[18F],39,False,,
DB09152,,N#N,N#N,5,False,,
DB09166,,CCC1=CC2=C(S1)N1C(C)=NN=C1CN=C2C1=CC=CC=C1Cl,CCc1cc2c(s1)-n1c(C)nnc1CN=C2c1ccccc1Cl,37,False,,
DB09167,,CN(C)CC\C=C1/C2=CC=CC=C2CSC2=CC=CC=C12,CN(C)CC/C=C1\c2ccccc2CSc2ccccc21,31,False,,
DB09183,,COC1=C(C=C(C=C1C1=CC2=CC=C(NS(C)(=O)=O)C=C2C=C1)N1C=CC(=O)NC1=O)C(C)(C)C,COc1c(-c2ccc3cc(NS(C)(=O)=O)ccc3c2)cc(-n2ccc(=O)[nH]c2=O)cc1C(C)(C)C,62,False,,
DB09185,CHEMBL306700,CCOC1=CC=CC=C1OCC1CNCCO1,CCOc1ccccc1OCC1CNCCO1,16,False,6.657577319177793,False
DB09195,,[H][C@@]12CCC[C@]1([H])C1=NN=C(CCN3CCN(CC3)C3=CC=CC(=C3)C(F)(F)F)N1C2,FC(F)(F)c1cccc(N2CCN(CCc3nnc4n3C[C@@H]3CCC[C@H]43)CC2)c1,53,False,,
DB09197,,[H]N1N=C(CCN2CCN(CC2)C2=CC(Cl)=CC=C2)C=C1C,Cc1cc(CCN2CCN(c3cccc(Cl)c3)CC2)n[nH]1,35,False,,
DB09198,,COC1=CC=C(OC2=NC=NC(=C2)N(C)CCOC2=CC=C(CC3SC(=O)NC3=O)C=C2)C=C1,COc1ccc(Oc2cc(N(C)CCOc3ccc(CC4SC(=O)NC4=O)cc3)ncn2)cc1,50,False,,
DB09205,,CC(C)C1=C(OCCN(C)C)C=C(C)C(OC(C)=O)=C1,CC(=O)Oc1cc(C(C)C)c(OCCN(C)C)cc1C,33,False,,
DB09209,,[H][C@@]12OC3=C(OCCN4CCOCC4)C=CC4=C3[C@@]11CCN(C)[C@]([H])(C4)[C@]1([H])C=C[C@@H]2O,CN1CC[C@]23c4c5ccc(OCCN6CCOCC6)c4O[C@H]2[C@@H](O)C=C[C@H]3[C@H]1C5,59,False,,
DB09210,,NC(=O)CN1CCCC1=O,NC(=O)CN1CCCC1=O,12,False,,
DB09211,,CCCC[C@H](C)C[C@H](O)\C=C\[C@H]1[C@H](O)CC(=O)[C@@H]1CCCC\C=C\C(O)=O,CCCC[C@H](C)C[C@H](O)/C=C/[C@H]1[C@H](O)CC(=O)[C@@H]1CCCC/C=C/C(=O)O,54,False,,
DB09212,CHEMBL19299,CC(C(O)=O)C1=CC=C(CC2CCCC2=O)C=C1,CC(C(=O)O)c1ccc(CC2CCCC2=O)cc1,28,False,5.187086643357144,False
DB09213,,CC(C)CC1=CC=C(C=C1)[C@H](C)C(O)=O,CC(C)Cc1ccc([C@H](C)C(=O)O)cc1,29,False,,
DB09214,,[H][C@@](C)(C(O)=O)C1=CC(=CC=C1)C(=O)C1=CC=CC=C1,C[C@H](C(=O)O)c1cccc(C(=O)c2ccccc2)c1,38,False,,
DB09216,,CC1=C(Cl)C=CC=C1NC1=CC=CC=C1C(O)=O,Cc1c(Cl)cccc1Nc1ccccc1C(=O)O,29,False,,
DB09218,,CC1=C(NC2=C(C=CC=N2)C(O)=O)C=CC=C1Cl,Cc1c(Cl)cccc1Nc1ncccc1C(=O)O,32,False,,
DB09219,,OC1=CC=C(C=C1)C1(OC2=CC=CC=C2NC1=O)C1=CC=C(O)C=C1,O=C1Nc2ccccc2OC1(c1ccc(O)cc1)c1ccc(O)cc1,44,False,,
DB09220,CHEMBL284906,[O-][N+](=O)OCCNC(=O)C1=CC=CN=C1,O=C(NCCO[N+](=O)[O-])c1cccnc1,22,False,5.958607314841775,False
DB09221,,NCCC(=O)N1[Zn]OC(=O)[C@@H]1CC1=CN=CN1,NCCC(=O)N1[Zn]OC(=O)[C@@H]1Cc1cnc[nH]1,28,False,,
DB09223,,CCN1CCN(CC1)C1=NC2=C(CCCCCC2)C(=C1)C1=CC=C(F)C=C1,CCN1CCN(c2cc(-c3ccc(F)cc3)c3c(n2)CCCCCC3)CC1,38,False,,
DB09224,,CC1CCN(CCCC(=O)C2=CC=C(F)C=C2)CC1,CC1CCN(CCCC(=O)c2ccc(F)cc2)CC1,26,False,,
DB09225,CHEMBL285802,CN(C)CCOC1=CC2=CC=CC=C2SC2=CC=C(Cl)C=C12,CN(C)CCOC1=Cc2ccccc2Sc2ccc(Cl)cc21,31,False,6.220115036807356,False
DB09227,CHEMBL2103761,COC(=O)C1=C(C)NC(C)=C([C@H]1C1=CC(=CC=C1)[N+]([O-])=O)C(=O)O[C@H]1CCN(CC2=CC=CC=C2)C1,COC(=O)C1=C(C)NC(C)=C(C(=O)O[C@H]2CCN(Cc3ccccc3)C2)[C@H]1c1cccc([N+](=O)[O-])c1,65,False,5.920818753952375,False
DB09229,,COC(=O)C1=C(C)NC(C)=C(C1C1=CC=CC=C1[N+]([O-])=O)C(=O)OCC(C)=O,COC(=O)C1=C(C)NC(C)=C(C(=O)OCC(C)=O)C1c1ccccc1[N+](=O)[O-],46,False,,
DB09232,,COCCOC(=O)C1=C(C)NC(C)=C(C1C1=CC=CC(=C1)[N+]([O-])=O)C(=O)OC\C=C\C1=CC=CC=C1,COCCOC(=O)C1=C(C)NC(C)=C(C(=O)OC/C=C/c2ccccc2)C1c1cccc([N+](=O)[O-])c1,56,False,,
DB09236,,CCOC(=O)C1=C(C)NC(C)=C(C1C1=CC=CC=C1\C=C\C(=O)OC(C)(C)C)C(=O)OCC,CCOC(=O)C1=C(C)NC(C)=C(C(=O)OCC)C1c1ccccc1/C=C/C(=O)OC(C)(C)C,52,False,,
DB09237,,CCOC(=O)C1=C(COCCN)NC(C)=C([C@@H]1C1=CC=CC=C1Cl)C(=O)OC,CCOC(=O)C1=C(COCCN)NC(C)=C(C(=O)OC)[C@@H]1c1ccccc1Cl,40,False,,
DB09241,,[Cl-].CN(C)C1=CC2=[S+]C3=C(C=CC(=C3)N(C)C)N=C2C=C1,CN(C)c1ccc2nc3ccc(N(C)C)cc3[s+]c2c1.[Cl-],44,False,,
DB09242,CHEMBL19236,COC1=NC(C)=NC(Cl)=C1NC1=NCCN1,COc1nc(C)nc(Cl)c1NC1=NCCN1,20,False,8.45001638884031,True
DB09244,,CC1=CC=C2N3CCNC4CCCC(=C34)C2=C1,Cc1ccc2c(c1)c1c3n2CCNC3CCC1,23,False,,
DB09245,CHEMBL18116,CC1=CC(=CC=C1)N1CC(CO)OC1=O,Cc1cccc(N2CC(CO)OC2=O)c1,22,False,6.41999931041096,False
DB09256,,FC1=CN(C2CCCO2)C(=O)NC1=O,O=c1[nH]c(=O)n(C2CCCO2)cc1F,20,False,,
DB09257,,OC1=CC(=O)NC=C1Cl,O=c1cc(O)c(Cl)c[nH]1,14,False,,
DB09262,,CC1=NC=CN1CCC(C(N)=O)(C1=CC=CC=C1)C1=CC=CC=C1,Cc1nccn1CCC(C(N)=O)(c1ccccc1)c1ccccc1,36,False,,
DB09269,,OC(=O)CC1=CC=CC=C1,O=C(O)Cc1ccccc1,15,False,,
DB09273,,CN1C2=C(N(CC3OCCO3)C=N2)C(=O)N(C)C1=O,Cn1c(=O)c2c(ncn2CC2OCCO2)n(C)c1=O,33,False,,
DB09274,,[H][C@@]12CC[C@@H](C)[C@]3([H])CC[C@@]4(C)OO[C@@]13[C@]([H])(O[C@@H](OC(=O)CCC(O)=O)[C@@H]2C)O4,C[C@H]1[C@H](OC(=O)CCC(=O)O)O[C@@H]2O[C@@]3(C)CC[C@H]4[C@H](C)CC[C@@H]1[C@@]24OO3,68,False,,
DB09276,,[Na+].[Na+].[O-]C(=O)CC(S[Au])C([O-])=O,O=C([O-])CC(S[Au])C(=O)[O-].[Na+].[Na+],32,False,,
DB09277,,[Cl-].C[N+](C)([11CH3])CCO,C[N+](C)([11CH3])CCO.[Cl-],19,False,,
DB09280,CHEMBL2103870,CC1=CC=C(NC(=O)C2(CC2)C2=CC=C3OC(F)(F)OC3=C2)N=C1C1=CC(=CC=C1)C(O)=O,Cc1ccc(NC(=O)C2(c3ccc4c(c3)OC(F)(F)O4)CC2)nc1-c1cccc(C(=O)O)c1,57,False,4.920818753952375,False
DB09282,,CCOC(=O)[N-]C1=C[N+](=NO1)N1CCOCC1,CCOC(=O)[N-]c1c[n+](N2CCOCC2)no1,22,False,,
DB09283,,CCN(CC)C1=CC(C)=NC2=NC=NN12,CCN(CC)c1cc(C)nc2ncnn12,20,False,,
DB09285,,FC(F)(F)C1=CC(NC2=C(C=CC=N2)C(=O)OCCN2CCOCC2)=CC=C1,O=C(OCCN1CCOCC1)c1cccnc1Nc1cccc(C(F)(F)F)c1,38,False,,
DB09286,CHEMBL440294,NC(=O)C1(CCN(CCCC(=O)C2=CC=C(F)C=C2)CC1)N1CCCCC1,NC(=O)C1(N2CCCCC2)CCN(CCCC(=O)c2ccc(F)cc2)CC1,36,False,8.270025714300445,True
DB09288,,CCN(CC)CC(=O)OC1=CC=C(NC(C)=O)C=C1,CCN(CC)CC(=O)Oc1ccc(NC(C)=O)cc1,27,False,,
DB09289,,CN1C2=CC=CC=C2C(NCCCCCCC(O)=O)C2=C(C=C(Cl)C=C2)S1(=O)=O,CN1c2ccccc2C(NCCCCCCC(=O)O)c2ccc(Cl)cc2S1(=O)=O,44,False,,
DB09290,,CN1C=C(C(=O)[C@@H]2CCC3=C(C2)N=CN3)C2=C1C=CC=C2,Cn1cc(C(=O)[C@@H]2CCc3[nH]cnc3C2)c2ccccc21,41,False,,
DB09292,,CCOC(=O)[C@H](C)C[C@@H](CC1=CC=C(C=C1)C1=CC=CC=C1)NC(=O)CCC(O)=O,CCOC(=O)[C@H](C)C[C@@H](Cc1ccc(-c2ccccc2)cc1)NC(=O)CCC(=O)O,49,False,,
DB09295,,FC(F)(F)C1=CC(NC2=C(C=CC=N2)C(=O)OC2OC(=O)C3=CC=CC=C23)=CC=C1,O=C1OC(OC(=O)c2cccnc2Nc2cccc(C(F)(F)F)c2)c2ccccc21,49,False,,
DB09300,,CCCC[N+]1(C)[C@H]2C[C@@H](C[C@@H]1[C@H]1O[C@@H]21)OC(=O)[C@H](CO)C1=CC=CC=C1,CCCC[N+]1(C)[C@@H]2C[C@@H](OC(=O)[C@H](CO)c3ccccc3)C[C@H]1[C@@H]1O[C@@H]12,61,False,,
DB09304,,CN1CCC2=C(C1)C1=CC=CC=C1CC1=CC=CC=C21,CN1CCC2=C(C1)c1ccccc1Cc1ccccc12,30,False,,
DB09314,,O.O.O.O.[98Tc-],O.O.O.O.[98Tc-],16,False,,
DB09319,,[H][C@]12SC(C)(C)[C@@H](N1C(=O)[C@H]2NC(=O)C(C(=O)OC1=CC2=C(CCC2)C=C1)C1=CC=CC=C1)C(O)=O,CC1(C)S[C@@H]2[C@H](NC(=O)C(C(=O)Oc3ccc4c(c3)CCC4)c3ccccc3)C(=O)N2[C@H]1C(=O)O,70,False,,
DB09321,,O=[Zn],O=[Zn],7,False,,
DB09322,,[Zn++].[O-]S([O-])(=O)=O,O=S(=O)([O-])[O-].[Zn+2],19,False,,
DB09324,,[H][C@@]12CC(=O)N1[C@@]([H])(C(O)=O)C(C)(C)S2(=O)=O,CC1(C)[C@H](C(=O)O)N2C(=O)C[C@H]2S1(=O)=O,38,False,,
DB09326,,[13NH3],[13NH3],7,False,,
DB09327,,O=C1NC=CC(=O)N1.FC1=CN(C2CCCO2)C(=O)NC1=O,O=c1[nH]c(=O)n(C2CCCO2)cc1F.O=c1cc[nH]c(=O)[nH]1,33,False,,
DB09330,,COC1=C(NC2=NC=CC(=N2)C2=CN(C)C3=C2C=CC=C3)C=C(NC(=O)C=C)C(=C1)N(C)CCN(C)C,C=CC(=O)Nc1cc(Nc2nccc(-c3cn(C)c4ccccc34)n2)c(OC)cc1N(C)CCN(C)C,62,False,,
DB09342,,CCCOC1=CC(N)=CC=C1C(=O)OCCN(CC)CC,CCCOc1cc(N)ccc1C(=O)OCCN(CC)CC,22,False,,
DB09343,,ClC1=C(CN2CCCC2=N)NC(=O)NC1=O,N=C1CCCN1Cc1[nH]c(=O)[nH]c(=O)c1Cl,22,False,,
DB09345,,CCCCOC1=CC=C(OCCCN2CCOCC2)C=C1,CCCCOc1ccc(OCCCN2CCOCC2)cc1,18,False,,
DB09348,,O=C1CCO1,O=C1CCO1,8,False,,
DB09350,CHEMBL1201131,CCCCOCCOCCOCC1=CC2=C(OCO2)C=C1CCC,CCCCOCCOCCOCc1cc2c(cc1CCC)OCO2,20,False,5.522878745280337,False
DB09351,,CC(C)NC[C@H](O)COC1=CC=C(CCOCC2CC2)C=C1,CC(C)NC[C@H](O)COc1ccc(CCOCC2CC2)cc1,30,False,,
DB09352,,CC(N)CC1=CC=C(O)C=C1,CC(N)Cc1ccc(O)cc1,19,False,,
DB09353,,S1SSSSSSS1,S1SSSSSSS1,12,False,,
DB09355,,NC1=CC=C(C=C1)S(=O)(=O)NC(=O)C1=CC=CC=C1,Nc1ccc(S(=O)(=O)NC(=O)c2ccccc2)cc1,33,False,,
DB09357,,CC(C)(CO)[C@@H](O)C(=O)NCCCO,CC(C)(CO)[C@@H](O)C(=O)NCCCO,19,False,,
DB09366,,CCCOC(=O)CN1C=C(I)C(=O)C(I)=C1,CCCOC(=O)Cn1cc(I)c(=O)c(I)c1,24,False,,
DB09371,,[H][C@@]12CC[C@@](O)(C#C)[C@@]1(C)CC[C@]1([H])C3=C(CC[C@@]21[H])CC(=O)CC3,C#C[C@]1(O)CC[C@H]2[C@@H]3CCC4=C(CCC(=O)C4)[C@H]3CC[C@@]21C,53,False,,
DB09376,,CCCCCCCCCCCC(=O)OCCNC(=O)C[N+]1=CC=CC=C1,CCCCCCCCCCCC(=O)OCCNC(=O)C[n+]1ccccc1,23,False,,
DB09378,,[H][C@@]12CC[C@](O)(C(=O)CO)[C@@]1(C)C[C@H](O)[C@@]1([H])[C@@]2([H])C[C@H](F)C2=CC(=O)C=C[C@]12C,C[C@]12C=CC(=O)C=C1[C@@H](F)C[C@@H]1[C@@H]2[C@@H](O)C[C@@]2(C)[C@H]1CC[C@]2(O)C(=O)CO,71,False,,
DB09383,,[H][C@]1(C)C[C@@]2([H])[C@]3([H])CCC4=CC(=O)C=C[C@]4(C)[C@@]3([H])C(=O)C[C@]2(C)[C@@]1(O)C(=O)CO,C[C@H]1C[C@H]2[C@@H]3CCC4=CC(=O)C=C[C@]4(C)[C@H]3C(=O)C[C@]2(C)[C@@]1(O)C(=O)CO,74,False,,
DB09389,,CCC12CCC3C(CCC4=CC(=O)CCC34)C1CCC2(O)C#C,C#CC1(O)CCC2C3CCC4=CC(=O)CCC4C3CCC21CC,28,False,,
DB09394,,OP(O)(O)=O,O=P(O)(O)O,9,False,,
DB09395,,[Na+].CC([O-])=O,CC(=O)[O-].[Na+],12,False,,
DB09401,,[H][C@]1(O)CO[C@]2([H])[C@]([H])(O)CO[C@]12[H],O[C@@H]1CO[C@H]2[C@@H]1OC[C@@H]2O,35,False,,
DB09409,,O.O.O.O.[Mg++].CC([O-])=O.CC([O-])=O,CC(=O)[O-].CC(=O)[O-].O.O.O.O.[Mg+2],27,False,,
DB09413,,[K+].OP(O)([O-])=O,O=P([O-])(O)O.[K+],13,False,,
DB09414,,[K+].[K+].OP([O-])([O-])=O,O=P([O-])([O-])O.[K+].[K+],17,False,,
DB09418,,[K+].[O-][Cl](=O)(=O)=O,[K+].[O-][Cl+3]([O-])([O-])[O-],17,False,,
DB09419,,OC[C@@H](O)[C@H](O)[C@@H](O)C=O,O=C[C@H](O)[C@@H](O)[C@H](O)CO,25,False,,
DB09449,,[Na+].OP(O)([O-])=O,O=P([O-])(O)O.[Na+],14,False,,
DB09459,,O[C@H]([C@@H](O)C(O)=O)C(O)=O,O=C(O)[C@H](O)[C@@H](O)C(=O)O,25,False,,
DB09462,,OCC(O)CO,OCC(O)CO,7,False,,
DB09472,,[Na+].[Na+].[O-]S([O-])(=O)=O,O=S(=O)([O-])[O-].[Na+].[Na+],23,False,,
DB09477,,[H][C@@](C)(N[C@@]([H])(CCC1=CC=CC=C1)C(O)=O)C(=O)N1CCC[C@@]1([H])C(O)=O,C[C@H](N[C@@H](CCc1ccccc1)C(=O)O)C(=O)N1CCC[C@H]1C(=O)O,52,False,,
DB09481,,[Mg++].[O-]C([O-])=O,O=C([O-])[O-].[Mg+2],16,False,,
DB09488,CHEMBL1224,[H]\C(CN1CCCC1)=C(\C1=CC=C(C)C=C1)C1=CC=CC(=N1)C(\[H])=C(/[H])C(O)=O,Cc1ccc(/C(=C\CN2CCCC2)c2cccc(/C=C/C(=O)O)n2)cc1,54,False,5.213248577854439,False
DB09494,,CCCCCCCCCCCCCCCCO,CCCCCCCCCCCCCCCCO,5,False,,
DB09495,,COC1=CC=C(C=C1)C(=O)CC(=O)C1=CC=C(C=C1)C(C)(C)C,COc1ccc(C(=O)CC(=O)c2ccc(C(C)(C)C)cc2)cc1,41,False,,
DB09496,,[H]\C(=C(\[H])C1=CC=C(OC)C=C1)C(=O)OCC(CC)CCCC,CCCCC(CC)COC(=O)/C=C/c1ccc(OC)cc1,36,False,,
DB09499,,OS(O)(=O)=S,O=S(O)(O)=S,9,False,,
DB09502,,[H]C(=O)[C@H]([18F])[C@@H](O)[C@H](O)[C@H](O)CO,O=C[C@H]([18F])[C@@H](O)[C@H](O)[C@H](O)CO,37,False,,
DB09510,,N[13C](N)=O,N[13C](N)=O,10,False,,
DB09513,,N[14C](N)=O,N[14C](N)=O,11,False,,
DB09516,,COC1=CC=C(O)C=C1,COc1ccc(O)cc1,15,False,,
DB09526,,OC1=CC=C(O)C=C1,Oc1ccc(O)cc1,15,False,,
DB09543,,COC(=O)C1=CC=CC=C1O,COC(=O)c1ccccc1O,16,False,,
DB09555,,OC(=O)\C=C/C(O)=O.CN(C)CC[C@@H](C1=CC=C(Cl)C=C1)C1=CC=CC=N1,CN(C)CC[C@@H](c1ccc(Cl)cc1)c1ccccn1.O=C(O)/C=C\C(=O)O,49,False,,
DB09561,,[Na+].[Na+].OCC(O)COP([O-])([O-])=O,O=P([O-])([O-])OCC(O)CO.[Na+].[Na+],23,False,,
DB09563,,C[N+](C)([11CH3])CCO,C[N+](C)([11CH3])CCO,15,False,,
DB09571,,CN[C@H](C)CC1=CC=CC=C1,CN[C@H](C)Cc1ccccc1,19,False,,
DB11068,,O[Se](O)(=O)=O,O=[Se](=O)(O)O,12,False,,
DB11071,,OC1=CC=CC=C1C(=O)OC1=CC=CC=C1,O=C(Oc1ccccc1)c1ccccc1O,24,False,,
DB11072,,F,F,3,False,,
DB11073,,CCCCCCCCCCCCCCCC[N+]1=CC=CC=C1,CCCCCCCCCCCCCCCC[n+]1ccccc1,15,False,,
DB11079,,OCCN(CCO)CCO.OC(=O)C1=CC=CC=C1O,O=C(O)c1ccccc1O.OCCN(CCO)CCO,22,False,,
DB11085,,OC1=CC(O)=CC=C1,Oc1cccc(O)c1,13,False,,
DB11090,,[K+].[O-][N+]([O-])=O,O=[N+]([O-])[O-].[K+],14,False,,
DB11091,,OO,OO,4,False,,
DB11096,,CC(C)C1CCC(C)CC1OC(=O)C1=CC=CC=C1N,CC1CCC(C(C)C)C(OC(=O)c2ccccc2N)C1,28,False,,
DB11098,,[K+].OC([O-])=O,O=C([O-])O.[K+],11,False,,
DB11100,,NC(=O)NC1NC(=O)NC1=O,NC(=O)NC1NC(=O)NC1=O,16,False,,
DB11102,,CC(=O)N[C@@H](CC1=CC=C(O)C=C1)C(O)=O,CC(=O)N[C@@H](Cc1ccc(O)cc1)C(=O)O,31,False,,
DB11104,,FS(F)(F)(F)(F)F,FS(F)(F)(F)(F)F,14,False,,
DB11109,,ClCl,ClCl,4,False,,
DB11115,,OS(=O)(=O)C1=CC2=C(C=C1)N=C(N2)C1=CC=CC=C1,O=S(=O)(O)c1ccc2nc(-c3ccccc3)[nH]c2c1,37,False,,
DB11121,,CC1=CC(O)=CC(C)=C1Cl,Cc1cc(O)cc(C)c1Cl,16,False,,
DB11123,,[O-]Cl,[O-]Cl,6,False,,
DB11125,,CC(C)(C)CC(C)(C)C1=CC=C(OCCOCC[N+](C)(C)CC2=CC=CC=C2)C=C1,CC(C)(C)CC(C)(C)c1ccc(OCCOCC[N+](C)(C)Cc2ccccc2)cc1,43,False,,
DB11127,,O[Se](O)=O,O=[Se](O)O,10,False,,
DB11129,,OO.NC(N)=O,NC(N)=O.OO,10,False,,
DB11142,,C[Se]CC[C@H](N)C(O)=O,C[Se]CC[C@H](N)C(=O)O,20,False,,
DB11145,,OC1=CC=CC2=C1N=CC=C2,Oc1cccc2cccnc12,18,False,,
DB11148,,CCCCOC(=O)C1=CC=C(N)C=C1,CCCCOC(=O)c1ccc(N)cc1,19,False,,
DB11151,,[OH-].[Na+],[Na+].[OH-],10,False,,
DB11153,,[OH-].[K+],[K+].[OH-],9,False,,
DB11155,CHEMBL1076347,ClC1=CC=C(NC(=O)NC2=CC(Cl)=C(Cl)C=C2)C=C1,O=C(Nc1ccc(Cl)cc1)Nc1ccc(Cl)c(Cl)c1,33,False,7.886056647693163,False
DB11156,,[H]\C(=C(\[H])C1=NCCCN1C)C1=CC=CS1,CN1CCCN=C1/C=C/c1cccs1,27,False,,
DB11157,,OC1=CC=CC2=C1C(=O)C1=C(O)C=CC=C1C2,O=C1c2c(O)cccc2Cc2cccc(O)c21,31,False,,
DB11159,,[Na+].[Na+].[S--],[Na+].[Na+].[S-2],16,False,,
DB11160,,CN(C)CCOC1=CC=CC=C1CC1=CC=CC=C1,CN(C)CCOc1ccccc1Cc1ccccc1,24,False,,
DB11164,,CCOC(=O)[C@H](CS)NCCN[C@@H](CS)C(=O)OCC,CCOC(=O)[C@H](CS)NCCN[C@@H](CS)C(=O)OCC,25,False,,
DB11168,,[Ca++].OC[C@H](O)[C@@H](O)C([O-])=O.OC[C@H](O)[C@@H](O)C([O-])=O,O=C([O-])[C@H](O)[C@@H](O)CO.O=C([O-])[C@H](O)[C@@H](O)CO.[Ca+2],47,False,,
DB11171,,O.O.O.O.O.[Fe+3].[Fe+3].[O-]S([O-])(=O)=O.[O-]S([O-])(=O)=O.[O-]S([O-])(=O)=O,O.O.O.O.O.O=S(=O)([O-])[O-].O=S(=O)([O-])[O-].O=S(=O)([O-])[O-].[Fe+3].[Fe+3],61,False,,
DB11175,,[Zn++].[O-]C(=O)C1=CC=CC=N1.[O-]C(=O)C1=CC=CC=N1,O=C([O-])c1ccccn1.O=C([O-])c1ccccn1.[Zn+2],41,False,,
DB11180,,CCOCCP(CCOCC)CCP(CCOCC)CCOCC,CCOCCP(CCOCC)CCP(CCOCC)CCOCC,13,False,,
DB11181,,[H][C@]12CC[C@]([H])(C[C@@H](C1)OC(=O)C(O)C1=CC=CC=C1)N2C,CN1[C@@H]2CC[C@H]1C[C@@H](OC(=O)C(O)c1ccccc1)C2,45,False,,
DB11185,,COC1=C(C=C(C(=O)C2=CC=CC=C2)C(O)=C1)S(O)(=O)=O,COc1cc(O)c(C(=O)c2ccccc2)cc1S(=O)(=O)O,39,False,,
DB11186,,CCN(CC)CCOCCOC(=O)C1(CCCC1)C1=CC=CC=C1,CCN(CC)CCOCCOC(=O)C1(c2ccccc2)CCCC1,25,False,,
DB11189,,[Mg++].NCC([O-])=O.NCC([O-])=O,NCC(=O)[O-].NCC(=O)[O-].[Mg+2],19,False,,
DB11197,,[Fe++].NCC(O)=O.[H][C@](N)(CS)C(O)=O.[H][C@](N)(C[S-])C([O-])=O,NCC(=O)O.N[C@@H](CS)C(=O)O.N[C@@H](C[S-])C(=O)[O-].[Fe+2],45,False,,
DB11201,,CC(C)[C@@H]1CC[C@@H](C)C[C@H]1OC(=O)C1=CC=CC=C1O,CC(C)[C@@H]1CC[C@@H](C)C[C@H]1OC(=O)c1ccccc1O,40,False,,
DB11207,,COC1=CC=C(\C=C\C(=O)OCCC(C)C)C=C1,COc1ccc(/C=C/C(=O)OCCC(C)C)cc1,27,False,,
DB11210,,[Fe++].NCC([O-])=O.NCC([O-])=O,NCC(=O)[O-].NCC(=O)[O-].[Fe+2],19,False,,
DB11217,,OC[C@H]1O[C@@H](OC2=CC=C(O)C=C2)[C@H](O)[C@@H](O)[C@@H]1O,OC[C@H]1O[C@@H](Oc2ccc(O)cc2)[C@H](O)[C@@H](O)[C@@H]1O,47,False,,
DB11219,,CC1=CC=C(\C=C2/C3CCC(C)(C2=O)C3(C)C)C=C1,Cc1ccc(/C=C2/C(=O)C3(C)CCC2C3(C)C)cc1,36,False,,
DB11221,,COC1=CC(O)=C(C=C1)C(=O)C1=CC=CC=C1O,COc1ccc(C(=O)c2ccccc2O)c(O)c1,30,False,,
DB11226,,CCCCC(CC)COC(=O)C(C#N)=C(C1=CC=CC=C1)C1=CC=C(OC)C=C1,CCCCC(CC)COC(=O)C(C#N)=C(c1ccccc1)c1ccc(OC)cc1,41,False,,
DB11235,,COC1=CC=C(CN(CCN(C)C)C2=NC=CC=N2)C=C1,COc1ccc(CN(CCN(C)C)c2ncccn2)cc1,31,False,,
DB11254,,CCCCCCC1=C(O)C=C(O)C=C1,CCCCCCc1ccc(O)cc1O,19,False,,
DB11263,,OC[C@H]1O[C@@H](OC2=CC(\C=C\C3=CC=C(O)C=C3)=CC(O)=C2)[C@H](O)[C@@H](O)[C@@H]1O,OC[C@H]1O[C@@H](Oc2cc(O)cc(/C=C/c3ccc(O)cc3)c2)[C@H](O)[C@@H](O)[C@@H]1O,63,False,,
DB11264,,[Ca++].OCC(CO)OP([O-])([O-])=O,O=P([O-])([O-])OC(CO)CO.[Ca+2],19,False,,
DB11268,,[H]C(=O)C1=CC(O)=C(O)C=C1,O=Cc1ccc(O)c(O)c1,24,False,,
DB11269,,CCCCCCOC(=O)C1=CC=CC=C1C(=O)C1=CC=C(C=C1O)N(CC)CC,CCCCCCOC(=O)c1ccccc1C(=O)c1ccc(N(CC)CC)cc1O,38,False,,
DB11272,,COC(=O)[C@H](CC(C)C)NC(=O)CCCCCCCCC=C,C=CCCCCCCCCC(=O)N[C@@H](CC(C)C)C(=O)OC,24,False,,
DB11278,,C[C@@H]([C@H](O)C1=CC=CC=C1)N(C)C,C[C@@H]([C@H](O)c1ccccc1)N(C)C,29,False,,
DB11279,,CCN(CC)C1=CC=C(C=C1)C(C1=CC=CC=C1)=C1C=CC(C=C1)=[N+](CC)CC,CCN(CC)c1ccc(C(=C2C=CC(=[N+](CC)CC)C=C2)c2ccccc2)cc1,46,False,,
DB11282,,CCN(CC)C(=O)C1=CC(C)=CC=C1,CCN(CC)C(=O)c1cccc(C)c1,21,False,,
DB11299,,CCCCOCC1=CC(OC)=C(O)C=C1,CCCCOCc1ccc(O)c(OC)c1,17,False,,
DB11315,,C[N+]1(C)[C@H]2C[C@@H](C[C@@H]1[C@H]1O[C@@H]21)OC(=O)[C@H](CO)C1=CC=CC=C1,C[N+]1(C)[C@@H]2C[C@@H](OC(=O)[C@H](CO)c3ccccc3)C[C@H]1[C@@H]1O[C@@H]12,61,False,,
DB11323,,OCCOC(=O)C1=CC=CC=C1O,O=C(OCCO)c1ccccc1O,16,False,,
DB11327,CHEMBL549473,[O-][N+]1=CC=CC=C1SSC1=CC=CC=[N+]1[O-],[O-][n+]1ccccc1SSc1cccc[n+]1[O-],29,False,6.884056823060945,False
DB11328,,CCCCC(CC)CCC(CC(C)C)OS(O)(=O)=O,CCCCC(CC)CCC(CC(C)C)OS(=O)(=O)O,21,False,,
DB11336,CHEMBL228792,C(NC1=NC=NC2=C1NC=N2)C1=CC=CO1,c1coc(CNc2ncnc3nc[nH]c23)c1,26,False,5.0,False
DB11342,,[O--].[O--].[O--].[Al+3].[Al+3],[Al+3].[Al+3].[O-2].[O-2].[O-2],30,False,,
DB11348,,[Ca++].[Ca++].[Ca++].[O-]P([O-])([O-])=O.[O-]P([O-])([O-])=O,O=P([O-])([O-])[O-].O=P([O-])([O-])[O-].[Ca+2].[Ca+2].[Ca+2],41,False,,
DB11359,,COC1=C(O)C=CC=C1,COc1ccccc1O,15,False,,
DB11362,,CC(C)N(CCCCOCC(=O)NS(C)(=O)=O)C1=NC(C2=CC=CC=C2)=C(N=C1)C1=CC=CC=C1,CC(C)N(CCCCOCC(=O)NS(C)(=O)=O)c1cnc(-c2ccccc2)c(-c2ccccc2)n1,51,False,,
DB11363,CHEMBL1738797,CCC1=CC2=C(C=C1N1CCC(CC1)N1CCOCC1)C(C)(C)C1=C(C3=CC=C(C=C3N1)C#N)C2=O,CCc1cc2c(cc1N1CCC(N3CCOCC3)CC1)C(C)(C)c1[nH]c3cc(C#N)ccc3c1C2=O,59,False,9.229147988357855,True
DB11364,,OC(=O)[C@@H]1CSCN1C(=O)[C@@H]1CCC(=O)N1,O=C1CC[C@@H](C(=O)N2CSC[C@H]2C(=O)O)N1,28,False,,
DB11386,CHEMBL1439973,CC(C)(O)C(Cl)(Cl)Cl,CC(C)(O)C(Cl)(Cl)Cl,15,False,2.360000000238944,False
DB11490,,[H][C@@]12OC3=C(O)C=CC4=C3[C@@]11CCN(CC=C)[C@]([H])(C4)[C@]1([H])C=C[C@@H]2O,C=CCN1CC[C@]23c4c5ccc(O)c4O[C@H]2[C@@H](O)C=C[C@H]3[C@H]1C5,58,False,,
DB11560,CHEMBL2105720,OC(=O)CSC1=NN=C(Br)N1C1=CC=C(C2CC2)C2=C1C=CC=C2,O=C(O)CSc1nnc(Br)n1-c1ccc(C2CC2)c2ccccc12,40,False,5.692503962086787,False
DB11570,,CCCCC(CC)COC(=O)C1=CC=C(C=C1)N(C)C,CCCCC(CC)COC(=O)c1ccc(N(C)C)cc1,27,False,,
DB11573,,O.[OH-].[OH-].[OH-].[OH-].[OH-].[Al+3].[Al+3].[Cl-],O.[Al+3].[Al+3].[Cl-].[OH-].[OH-].[OH-].[OH-].[OH-],41,False,,
DB11583,,CCCCCCCCCCCCCCCC[N+](C)(C)CC1=CC=CC=C1,CCCCCCCCCCCCCCCC[N+](C)(C)Cc1ccccc1,20,False,,
DB11584,,[H]N1CCCCC1C(O)(C1=CC=CC=C1)C1=CC=CC=C1,OC(c1ccccc1)(c1ccccc1)C1CCCCN1,32,False,,
DB11587,,CCN(C)[C@@H](C)[C@H](O)C1=CC=CC=C1,CCN(C)[C@@H](C)[C@H](O)c1ccccc1,27,False,,
DB11591,,CCOCCN1C(=NC2=CC=CC=C12)C1CCN(CCC2=CC=C(C=C2)C(C)(C)C(O)=O)CC1,CCOCCn1c(C2CCN(CCc3ccc(C(C)(C)C(=O)O)cc3)CC2)nc2ccccc21,46,False,,
DB11594,,CCCCCCCCCCCC[N+](C)(C)CCOC1=CC=CC=C1,CCCCCCCCCCCC[N+](C)(C)CCOc1ccccc1,20,False,,
DB11609,,CCC(=O)C(CCN(C)C)(C1=CC=CC=C1)C1=CC=CC=C1,CCC(=O)C(CCN(C)C)(c1ccccc1)c1ccccc1,33,False,,
DB11610,,[H][C@@](C)(NC)[C@]([H])(O)C1=CC=C(O)C=C1,CN[C@@H](C)[C@H](O)c1ccc(O)cc1,31,False,,
DB11614,CHEMBL91397,CC1=CC(CN2CCC(CC2)=C2C3=CC=C(Cl)C=C3CCC3=C2N=CC=C3)=CN=C1,Cc1cncc(CN2CCC(=C3c4ccc(Cl)cc4CCc4cccnc43)CC2)c1,45,False,8.4089353929735,True
DB11619,,[H][C@@]12CC[C@@](O)(C#C)[C@@]1(CC)C=CC1=C3CCC(=O)C=C3CC[C@@]21[H],C#C[C@]1(O)CC[C@H]2[C@@H]3CCC4=CC(=O)CCC4=C3C=C[C@@]21CC,47,False,,
DB11622,,[H][C@@]1(CC[C@@]2([H])[C@]3([H])C(=O)C[C@]4([H])CC(=O)CC[C@]4(C)[C@@]3([H])CC(=O)[C@]12C)[C@H](C)CCC(O)=O,C[C@H](CCC(=O)O)[C@H]1CC[C@H]2[C@@H]3C(=O)C[C@@H]4CC(=O)CC[C@]4(C)[C@H]3CC(=O)[C@]12C,77,False,,
DB11629,CHEMBL426559,CS(=O)(=O)C1=C2N(CC3=CC=C(Cl)C=C3)C3=C(CC[C@@H]3CC(O)=O)C2=CC(F)=C1,CS(=O)(=O)c1cc(F)cc2c3c(n(Cc4ccc(Cl)cc4)c12)[C@@H](CC(=O)O)CC3,56,False,10.045757490560677,True
DB11633,,C[C@@H](C1=NC(=CS1)C1=CC=C(C=C1)C#N)[C@](O)(CN1C=NC=N1)C1=C(F)C=CC(F)=C1,C[C@@H](c1nc(-c2ccc(C#N)cc2)cs1)[C@](O)(Cn1cncn1)c1cc(F)ccc1F,60,False,,
DB11636,,CC(=O)[C@@]1(O)CC[C@H]2[C@@H]3C=C(C)C4=CC(=O)CC[C@@H]4[C@H]3CC[C@]12C,CC(=O)[C@@]1(O)CC[C@H]2[C@@H]3C=C(C)C4=CC(=O)CC[C@@H]4[C@H]3CC[C@@]21C,57,False,,
DB11638,,[H][C@@]1(C)CC[C@@]2([H])[C@@]([H])(C)C([H])(O)O[C@]3([H])O[C@@]4(C)CC[C@]1([H])[C@@]23OO4,C[C@@H]1CC[C@H]2[C@@H](C)C(O)O[C@@H]3O[C@@]4(C)CC[C@@H]1[C@]32OO4,66,False,,
DB11640,,NC1=CC=NC=C1N,Nc1ccncc1N,12,False,,
DB11642,CHEMBL462605,ClC1=CC=C(CCCOCCCN2CCCCC2)C=C1,Clc1ccc(CCCOCCCN2CCCCC2)cc1,19,False,7.920818753952375,False
DB11644,CHEMBL2103837,OC(=O)C1=CC=C2N=C(OC2=C1)C1=CC(Cl)=CC(Cl)=C1,O=C(O)c1ccc2nc(-c3cc(Cl)cc(Cl)c3)oc2c1,36,False,6.3872161432802645,False
DB11672,CHEMBL140,COC1=CC(\C=C\C(=O)CC(=O)\C=C\C2=CC(OC)=C(O)C=C2)=CC=C1O,COc1cc(/C=C/C(=O)CC(=O)/C=C/c2ccc(O)c(OC)c2)ccc1O,44,False,8.602059991327963,True
DB11699,,[H][C@]12CC[C@]([H])(C[C@@]([H])(C1)OC(=O)C1=CNC3=CC=CC=C13)N2C,CN1[C@@H]2CC[C@H]1C[C@@H](OC(=O)c1c[nH]c3ccccc13)C2,45,False,,
DB11703,,CC#CC(=O)N1CCC[C@H]1C1=NC(=C2N1C=CN=C2N)C1=CC=C(C=C1)C(=O)NC1=CC=CC=N1,CC#CC(=O)N1CCC[C@H]1c1nc(-c2ccc(C(=O)Nc3ccccn3)cc2)c2c(N)nccn12,59,False,,
DB11730,,CN(C)C(=O)C1=CC2=CN=C(NC3=CC=C(C=N3)N3CCNCC3)N=C2N1C1CCCC1,CN(C)C(=O)c1cc2cnc(Nc3ccc(N4CCNCC4)cn3)nc2n1C1CCCC1,47,False,,
DB11735,,[H]C(=O)[C@H](O)[C@@H](O)[C@@H](O)[C@H](O)CO,O=C[C@H](O)[C@@H](O)[C@@H](O)[C@H](O)CO,34,False,,
DB11737,CHEMBL2087361,C#CC1=CC=CC(NC2=NC=NC3=CC4=C(OCCOCCOCCO4)C=C23)=C1,C#Cc1cccc(Nc2ncnc3cc4c(cc23)OCCOCCOCCO4)c1,34,False,8.698970004336019,True
DB11738,,C1CC1C(NC1=NCCO1)C1CC1,C1COC(NC(C2CC2)C2CC2)=N1,18,False,,
DB11742,CHEMBL305660,CC(C)(C)C1=CC=C(C=C1)C(=O)CCCN1CCC(CC1)OC(C1=CC=CC=C1)C1=CC=CC=C1,CC(C)(C)c1ccc(C(=O)CCCN2CCC(OC(c3ccccc3)c3ccccc3)CC2)cc1,52,False,7.548213564475709,False
DB11750,,[H][C@@]12C[C@H](C)[C@](O)(C(=O)CCl)[C@@]1(C)C[C@H](O)[C@@]1(F)[C@@]2([H])CCC2=CC(=O)C=C[C@]12C,C[C@H]1C[C@H]2[C@@H]3CCC4=CC(=O)C=C[C@]4(C)[C@@]3(F)[C@@H](O)C[C@]2(C)[C@@]1(O)C(=O)CCl,68,False,,
DB11768,,COP(=S)(NC(C)C)OC1=CC=C(Cl)C=C1Cl,COP(=S)(NC(C)C)Oc1ccc(Cl)cc1Cl,26,False,,
DB11791,CHEMBL3188267,CNC(=O)C1=C(F)C=C(C=C1)C1=NN2C(CC3=CC4=C(C=C3)N=CC=C4)=CN=C2N=C1,CNC(=O)c1ccc(-c2cnc3ncc(Cc4ccc5ncccc5c4)n3n2)cc1F,57,False,9.886056647693165,True
DB11793,CHEMBL1094636,NC(=O)C1=CC=CC2=CN(N=C12)C1=CC=C(C=C1)[C@@H]1CCCNC1,NC(=O)c1cccc2cn(-c3ccc([C@@H]4CCCNC4)cc3)nc12,40,False,8.698970004336019,True
DB11799,CHEMBL3989866,OC1=C2N(C[C@H]3O[C@@H]4CC[C@@H](C4)N3C2=O)C=C(C(=O)NCC2=C(F)C=C(F)C=C2F)C1=O,O=C(NCc1c(F)cc(F)cc1F)c1cn2c(c(O)c1=O)C(=O)N1[C@H]3CC[C@H](C3)O[C@@H]1C2,70,False,8.1249387366083,False
DB11815,,CNC(=N)NCCC[C@H](N)C(O)=O,CNC(=N)NCCC[C@H](N)C(=O)O,19,False,,
DB11817,,CCS(=O)(=O)N1CC(CC#N)(C1)N1C=C(C=N1)C1=C2C=CNC2=NC=N1,CCS(=O)(=O)N1CC(CC#N)(n2cc(-c3ncnc4[nH]ccc34)cn2)C1,44,False,,
DB11823,,CN[C@@]1(CCCCC1=O)C1=CC=CC=C1Cl,CN[C@]1(c2ccccc2Cl)CCCCC1=O,23,False,,
DB11827,,CCOC1=CC=C(CC2=CC(=CC=C2Cl)[C@]23OC[C@](CO)(O2)[C@@H](O)[C@H](O)[C@H]3O)C=C1,CCOc1ccc(Cc2cc([C@]34OC[C@](CO)(O3)[C@@H](O)[C@H](O)[C@H]4O)ccc2Cl)cc1,55,False,,
DB11901,CHEMBL3183409,CNC(=O)C1=CC=C(C=C1F)N1C(=S)N(C(=O)C11CCC1)C1=CC(=C(N=C1)C#N)C(F)(F)F,CNC(=O)c1ccc(N2C(=S)N(c3cnc(C#N)c(C(F)(F)F)c3)C(=O)C23CCC3)cc1F,60,False,7.795880017344075,False
DB11915,,COC1=C(OC)C=C2[C@H]3C[C@@H](OC(=O)[C@@H](N)C(C)C)[C@H](CC(C)C)CN3CCC2=C1,COc1cc2c(cc1OC)[C@H]1C[C@@H](OC(=O)[C@@H](N)C(C)C)[C@H](CC(C)C)CN1CC2,58,False,,
DB11921,,[H][C@@]12C[C@@]3([H])[C@]4([H])CCC5=CC(=O)C=C[C@]5(C)[C@@]4([H])[C@@]([H])(O)C[C@]3(C)[C@@]1(N=C(C)O2)C(=O)COC(C)=O,CC(=O)OCC(=O)[C@@]12N=C(C)O[C@@H]1C[C@H]1[C@@H]3CCC4=CC(=O)C=C[C@]4(C)[C@H]3[C@@H](O)C[C@@]12C,85,False,,
DB11943,,NC1=NC(N2C=C(C(O)=O)C(=O)C3=CC(F)=C(N4CC(O)C4)C(Cl)=C23)=C(F)C=C1F,Nc1nc(-n2cc(C(=O)O)c(=O)c3cc(F)c(N4CC(O)C4)c(Cl)c32)c(F)cc1F,57,False,,
DB11967,CHEMBL3187723,CN1C=NC2=C(F)C(NC3=CC=C(Br)C=C3F)=C(C=C12)C(=O)NOCCO,Cn1cnc2c(F)c(Nc3ccc(Br)cc3F)c(C(=O)NOCCO)cc21,43,False,7.920818753952375,False
DB11989,,[O-][N+](=O)C1=NC=CN1CC(=O)NCC1=CC=CC=C1,O=C(Cn1ccnc1[N+](=O)[O-])NCc1ccccc1,29,False,,
DB11994,,CC(=O)OC1=CC=CC2=C1C(=O)C1=C(OC(C)=O)C=C(C=C1C2=O)C(O)=O,CC(=O)Oc1cccc2c1C(=O)c1c(OC(C)=O)cc(C(=O)O)cc1C2=O,49,False,,
DB12007,,O=C1C(=COC2=CC=CC=C12)C1=CC=CC=C1,O=c1c(-c2ccccc2)coc2ccccc12,27,False,,
DB12243,,CC1=NN(C(=O)C1)C1=CC=CC=C1,CC1=NN(c2ccccc2)C(=O)C1,23,False,,
DB12278,,CCCOC(C(=O)OC1CCN(C)CC1)(C1=CC=CC=C1)C1=CC=CC=C1,CCCOC(C(=O)OC1CCN(C)CC1)(c1ccccc1)c1ccccc1,36,False,,
DB12293,,CN1CCOC(C2=CC=CC=C2)C2=CC=CC=C2C1,CN1CCOC(c2ccccc2)c2ccccc2C1,27,False,,
DB12300,,O=N(=O)C1=CC=C(C=C1)C1=CC=CC=C1,O=[N+]([O-])c1ccc(-c2ccccc2)cc1,29,False,,
DB12313,,OC1=C(O)C=C(CCNCCCCCCNCCC2=CC=CC=C2)C=C1,Oc1ccc(CCNCCCCCCNCCc2ccccc2)cc1O,29,False,,
DB12328,,[H][C@]12CC[C@]([H])(O1)[C@]1(C)C(=O)OC(=O)[C@]21C,C[C@@]12C(=O)OC(=O)[C@]1(C)[C@H]1CC[C@@H]2O1,36,False,,
DB12332,CHEMBL1173055,CNCC1=CC=C(C=C1)C1=C2CCNC(=O)C3=C2C(N1)=CC(F)=C3,CNCc1ccc(-c2[nH]c3cc(F)cc4c3c2CCNC4=O)cc1,39,False,9.397940008672036,True
DB12343,,CO[C@]1(NC(=O)C(C(O)=O)C2=CSC=C2)[C@H]2SC(C)(C)[C@@H](N2C1=O)C(O)=O,CO[C@@]1(NC(=O)C(C(=O)O)c2ccsc2)C(=O)N2[C@@H](C(=O)O)C(C)(C)S[C@@H]21,55,False,,
DB12364,,COC1=CC=C(NC(=O)C2=CC=C(C=C2)C(=N)N(C)C)C(=C1)C(=O)NC1=CC=C(Cl)C=N1,COc1ccc(NC(=O)c2ccc(C(=N)N(C)C)cc2)c(C(=O)Nc2ccc(Cl)cn2)c1,57,False,,
DB12401,CHEMBL28218,OC1(CCN(CCCC(=O)C2=CC=C(F)C=C2)CC1)C1=CC=C(Br)C=C1,O=C(CCCN1CCC(O)(c2ccc(Br)cc2)CC1)c1ccc(F)cc1,41,False,6.2839966563652006,False
DB12473,,O=S1(=O)CCN(CN2CCS(=O)(=O)NC2)CN1,O=S1(=O)CCN(CN2CCS(=O)(=O)NC2)CN1,24,False,,
DB12474,,C[C@]12CC[C@H]3[C@@H](CCC4=CCCC[C@H]34)[C@@H]1CC[C@@]2(O)C#C,C#C[C@]1(O)CC[C@H]2[C@@H]3CCC4=CCCC[C@@H]4[C@H]3CC[C@@]21C,46,False,,
DB12483,,COC1=C(OCCCN2CCOCC2)C=CC2=C1N=C(NC(=O)C1=CN=C(N)N=C1)N1CCN=C21,COc1c(OCCCN2CCOCC2)ccc2c1N=C(NC(=O)c1cnc(N)nc1)N1CCN=C21,47,False,,
DB12492,,NC(=O)C1(CCN(CCC(C#N)(C2=CC=CC=C2)C2=CC=CC=C2)CC1)N1CCCCC1,N#CC(CCN1CCC(C(N)=O)(N2CCCCC2)CC1)(c1ccccc1)c1ccccc1,44,False,,
DB12529,,[O-]N=O,O=N[O-],8,False,,
DB12532,CHEMBL127592,CN(C(=O)CN(CCO)CC(=O)N(C)C(C)(C)CC1=CC=CC=C1)C(C)(C)CC1=CC=CC=C1,CN(C(=O)CN(CCO)CC(=O)N(C)C(C)(C)Cc1ccccc1)C(C)(C)Cc1ccccc1,51,False,5.638272163982407,False
DB12537,,N1N=CC=CC2=CC=CC=C12,C1=Cc2ccccc2NN=C1,17,False,,
DB12554,,CCN(CCCCOC(=O)C1=CC(OC)=C(OC)C=C1)C(C)CC1=CC=C(OC)C=C1,CCN(CCCCOC(=O)c1ccc(OC)c(OC)c1)C(C)Cc1ccc(OC)cc1,41,False,,
DB12598,CHEMBL273264,NC(=N)NC1=CC=C(C=C1)C(=O)OC1=CC2=C(C=C1)C=C(C=C2)C(N)=N,N=C(N)Nc1ccc(C(=O)Oc2ccc3cc(C(=N)N)ccc3c2)cc1,49,False,8.301029995663981,True
DB12667,CHEMBL1378024,CCCC1=CC(=CC=N1)C(N)=S,CCCc1cc(C(N)=S)ccn1,17,False,5.346787486224656,False
DB12710,,CN1CCN(CCCN2C3=CC=CC=C3SC3=CC=CC=C23)CC1,CN1CCN(CCCN2c3ccccc3Sc3ccccc32)CC1,29,False,,
DB12728,,CC(CN1CCCCC1)CC1=CC=C(C=C1)C(C)(C)C,CC(Cc1ccc(C(C)(C)C)cc1)CN1CCCCC1,28,False,,
DB12792,CHEMBL1076544,ClC1=CC=C(C=C1)C1=C(NC(=O)C2=C(Cl)N=CC=C2)C=CC=C1,O=C(Nc1ccccc1-c1ccc(Cl)cc1)c1cccnc1Cl,43,False,6.610833915635467,False
DB12821,,FC(F)(F)C(F)(F)C(F)(F)C(F)(F)F,FC(F)(F)C(F)(F)C(F)(F)C(F)(F)F,27,False,,
DB12834,,CC(O)CN1C(C)=NC=C1N(=O)=O,Cc1ncc([N+](=O)[O-])n1CC(C)O,21,False,,
DB12839,,COCCOCCCCCC(=O)NCCCC[C@H](N)C(O)=O,COCCOCCCCCC(=O)NCCCC[C@H](N)C(=O)O,20,False,,
DB12867,,OC1=NC2=CC=CC=C2N1C1CCN(CCCC(=O)C2=CC=C(F)C=C2)CC1,O=C(CCCN1CCC(n2c(O)nc3ccccc32)CC1)c1ccc(F)cc1,40,False,,
DB12911,,CCCCOCCOC(=O)C1=CN=CC=C1,CCCCOCCOC(=O)c1cccnc1,16,False,,
DB12924,,CNC1=NC=C(C=C1C)C1=CC=C2C(=O)C(=CN(C3CC3)C2=C1C)C(O)=O,CNc1ncc(-c2ccc3c(=O)c(C(=O)O)cn(C4CC4)c3c2C)cc1C,47,False,,
DB12938,,[H]C1=NOC(=C1C(=O)C1=C(C([H])=C(C([H])=C1[H])C(F)(F)F)S(=O)(=O)C([H])([H])[H])C1([H])C([H])([H])C1([H])[H],CS(=O)(=O)c1cc(C(F)(F)F)ccc1C(=O)c1cnoc1C1CC1,86,False,,
DB12945,,NNC1=C2C=CC=CC2=C(NN)N=N1,NNc1nnc(NN)c2ccccc12,22,False,,
DB12952,,C[C@H]1C[C@H]2[C@@H]3CC[C@](O)(C(=O)CO)[C@@]3(C)CC(=O)[C@@H]2[C@@]2(C)C=CC(=O)C=C12,C[C@H]1C[C@@H]2[C@H](C(=O)C[C@@]3(C)[C@H]2CC[C@]3(O)C(=O)CO)[C@@]2(C)C=CC(=O)C=C12,66,False,,
DB12954,,O=C1NOCC1\N=C\C1=CC=C(\C=N\C2CONC2=O)C=C1,O=C1NOCC1/N=C/c1ccc(/C=N/C2CONC2=O)cc1,35,False,,
DB13025,,CCN(CC)CCNC(=O)C1=CC(=CC=C1OC)S(C)(=O)=O,CCN(CC)CCNC(=O)c1cc(S(C)(=O)=O)ccc1OC,28,False,,
DB13063,,C\C1=C/CC[C@@]2(C)O[C@H]2[C@H]2OC(=O)C(=C)[C@@H]2CC1,C=C1C(=O)O[C@H]2[C@H]1CC/C(C)=C/CC[C@@]1(C)O[C@@H]21,45,False,,
DB13100,,NC(=N)NC(N)=N,N=C(N)NC(=N)N,11,False,,
DB13116,,FCC(F)(F)F,FCC(F)(F)F,10,False,,
DB13117,,FC(F)CC(F)(F)F,FC(F)CC(F)(F)F,13,False,,
DB13136,,FC1=CC=C(C=C1)C1C(=O)C2=CC=CC=C2C1=O,O=C1c2ccccc2C(=O)C1c1ccc(F)cc1,33,False,,
DB13139,,CC(C)(C)NC[C@H](O)C1=CC(CO)=C(O)C=C1,CC(C)(C)NC[C@H](O)c1ccc(O)c(CO)c1,31,False,,
DB13146,,N[C@]1(C[C@H]([18F])C1)C(O)=O,N[C@]1(C(=O)O)C[C@@H]([18F])C1,27,False,,
DB13153,,[H][C@@]1(CCC(C)=CC1)[C@@](C)(O)CCC=C(C)C,CC(C)=CCC[C@](C)(O)[C@@H]1CC=C(C)CC1,29,False,,
DB13154,,OC1=CC=C(Cl)C=C1,Oc1ccc(Cl)cc1,15,False,,
DB13157,,[Na+].CCCCCCCCCCCCOC(=O)CS([O-])(=O)=O,CCCCCCCCCCCCOC(=O)CS(=O)(=O)[O-].[Na+],20,False,,
DB13158,,[H][C@]1(C)C[C@@]2([H])[C@]3([H])CCC4=CC(=O)C=C[C@]4(C)[C@@]3(F)C(=O)C[C@]2(C)[C@@]1(O)C(=O)CCl,C[C@H]1C[C@H]2[C@@H]3CCC4=CC(=O)C=C[C@]4(C)[C@@]3(F)C(=O)C[C@]2(C)[C@@]1(O)C(=O)CCl,73,False,,
DB13163,,O.CC(C)(O)[C@H]1CC[C@@](C)(O)CC1,CC(C)(O)[C@H]1CC[C@@](C)(O)CC1.O,25,False,,
DB13164,CHEMBL3786343,CN1CCN(CC1)C1=CC=C(NC2=NC(OC3=CC=CC(NC(=O)C=C)=C3)=C3SC=CC3=N2)C=C1,C=CC(=O)Nc1cccc(Oc2nc(Nc3ccc(N4CCN(C)CC4)cc3)nc3ccsc23)c1,53,False,9.045757490560677,True
DB13165,,C[C@H]1CNCCCN1S(=O)(=O)C1=C2C(F)=CN=CC2=CC=C1,C[C@H]1CNCCCN1S(=O)(=O)c1cccc2cncc(F)c12,36,False,,
DB13167,,OC(=O)CC1=CC(Cl)=C(OCC=C)C=C1,C=CCOc1ccc(CC(=O)O)cc1Cl,23,False,,
DB13178,,O[C@H]1[C@H](O)[C@@H](O)[C@H](O)[C@H](O)[C@@H]1O,O[C@H]1[C@H](O)[C@@H](O)[C@H](O)[C@@H](O)[C@H]1O,40,False,,
DB13180,,OC[C@@H](O)[C@@H](O)[C@H](O)[C@@H](O)C(O)=O,O=C(O)[C@H](O)[C@@H](O)[C@H](O)[C@H](O)CO,33,False,,
DB13231,,[Ca++].CC(O)C([O-])=O.CC(O)C([O-])=O,CC(O)C(=O)[O-].CC(O)C(=O)[O-].[Ca+2],27,False,,
DB13249,,[O--].[O--].[O--].[Mg++].[Si+4],[Mg+2].[O-2].[O-2].[O-2].[Si+4],29,False,,
DB13257,,[Fe++].[O-]S([O-])(=O)=O,O=S(=O)([O-])[O-].[Fe+2],19,False,,
DB13259,,CCCl,CCCl,3,False,,
DB13269,,OCC1=C(Cl)C=C(Cl)C=C1,OCc1ccc(Cl)cc1Cl,19,False,,
DB13323,,ClC=C(Cl)Cl,ClC=C(Cl)Cl,9,False,,
DB13337,,[H][C@]12SC(C)(C)[C@@H](N1C(=O)[C@H]2NC(=O)C(C)OC1=CC=CC=C1)C(O)=O,CC(Oc1ccccc1)C(=O)N[C@@H]1C(=O)N2[C@@H]1SC(C)(C)[C@@H]2C(=O)O,52,False,,
DB13346,,CCCCOC1=CC=C(CC(=O)NO)C=C1,CCCCOc1ccc(CC(=O)NO)cc1,19,False,,
DB13421,,CCC1=CN([C@H]2C[C@H](O)[C@@H](CO)O2)C(=O)NC1=O,CCc1cn([C@H]2C[C@H](O)[C@@H](CO)O2)c(=O)[nH]c1=O,37,False,,
DB13583,,CC1=CC=CC=C1OCC(O)CO,Cc1ccccc1OCC(O)CO,16,False,,
DB13595,,O.[Mg++].[Al+3].[Al+3].[O-][Si]([O-])([O-])[O-].[O-][Si]([O-])([O-])[O-],O.[Al+3].[Al+3].[Mg+2].[O-][Si]([O-])([O-])[O-].[O-][Si]([O-])([O-])[O-],49,False,,
DB13707,,[Na+].[Na+].O[C@H]([C@@H](O)C([O-])=O)C([O-])=O,O=C([O-])[C@H](O)[C@@H](O)C(=O)[O-].[Na+].[Na+],35,False,,
DB13747,,OCCN(CCO)CCO,OCCN(CCO)CCO,7,False,,
DB13783,CHEMBL189171,COC1=CC2=C(C=C1)N(C(=O)C1=CC=C(Cl)C=C1)C(C)=C2CC(=O)OCC(O)=O,COc1ccc2c(c1)c(CC(=O)OCC(=O)O)c(C)n2C(=O)c1ccc(Cl)cc1,50,False,8.0,False
DB13800,,[Ca++].CC(=O)CCC([O-])=O.CC(=O)CCC([O-])=O,CC(=O)CCC(=O)[O-].CC(=O)CCC(=O)[O-].[Ca+2],27,False,,
DB13805,,CCC1(C(=O)NC(=O)NC1=O)C1=CC2CCC(C2)C1,CCC1(C2=CC3CCC(C2)C3)C(=O)NC(=O)NC1=O,30,False,,
DB13813,,[H]C(I)(I)I,IC(I)I,12,False,,
DB13838,,CNC(=S)NCO,CNC(=S)NCO,8,False,,
DB13842,,CN1C2=C(N(CCOC(=O)C3=CC=CN=C3)C=N2)C(=O)N(C)C1=O,Cn1c(=O)c2c(ncn2CCOC(=O)c2cccnc2)n(C)c1=O,42,False,,
DB13851,,[H][C@@]12CC[C@@H](C)[C@]3([H])CC[C@@]4(C)OO[C@@]13[C@]([H])(O[C@H](OCC)[C@@H]2C)O4,CCO[C@H]1O[C@@H]2O[C@@]3(C)CC[C@H]4[C@H](C)CC[C@@H]([C@H]1C)[C@@]24OO3,60,False,,
DB13853,CHEMBL178862,COC1=CC=C(C=C1)C1=CC(=S)SS1,COc1ccc(-c2cc(=S)ss2)cc1,24,False,5.920818753952375,False
DB13854,,CCCCC\C=C/C\C=C/C\C=C/CCCCC(O)=O,CCCCC/C=C\C/C=C\C/C=C\CCCCC(=O)O,25,False,,
DB13857,,[H][C@@]12CC[C@](C)(C(C)=O)[C@@]1(C)CCC1=C3CCC(=O)C=C3CC[C@@]21[H],CC(=O)[C@@]1(C)CC[C@H]2[C@@H]3CCC4=CC(=O)CCC4=C3CC[C@@]21C,47,False,,
DB13858,,CCN(CC)CCOC1=CC2=C(C=C1)N=C(S2)N(C)C,CCN(CC)CCOc1ccc2nc(N(C)C)sc2c1,31,False,,
DB13867,,[H][C@@]12C[C@@H](C)[C@](O)(C(=O)SCF)[C@@]1(C)C[C@H](O)[C@@]1(F)[C@@]2([H])C[C@H](F)C2=CC(=O)C=C[C@]12C,C[C@@H]1C[C@H]2[C@@H]3C[C@H](F)C4=CC(=O)C=C[C@]4(C)[C@@]3(F)[C@@H](O)C[C@]2(C)[C@@]1(O)C(=O)SCF,77,False,,
DB13872,,CN1C2=C(C=C(Cl)C=C2)C(=NC(O)C1=O)C1=CC=CC=C1Cl,CN1C(=O)C(O)N=C(c2ccccc2Cl)c2cc(Cl)ccc21,41,False,,
DB13873,CHEMBL981,CC(C)(OC1=CC=C(C=C1)C(=O)C1=CC=C(Cl)C=C1)C(O)=O,CC(C)(Oc1ccc(C(=O)c2ccc(Cl)cc2)cc1)C(=O)O,41,False,5.0,False
DB13882,,COC(=O)C1=CN=CC=C1,COC(=O)c1cccnc1,15,False,,
DB13908,,CCCCCC1=CC=C(C)C=C1O,CCCCCc1ccc(C)cc1O,16,False,,
DB13931,CHEMBL4594250,CC1=CC(C)=C(C=C1)C(=O)OCC1=CC=C(C=C1)[C@@H](CN)C(=O)NC1=CC=C2C=NC=CC2=C1,Cc1ccc(C(=O)OCc2ccc([C@@H](CN)C(=O)Nc3ccc4cnccc4c3)cc2)c(C)c1,58,False,7.950781977329818,False
DB13943,,C[C@]12CC[C@H]3[C@@H](CCC4=CC(=O)CC[C@]34C)[C@@H]1CC[C@@H]2OC(=O)CCC1CCCC1,C[C@]12CC[C@H]3[C@@H](CCC4=CC(=O)CC[C@@]43C)[C@@H]1CC[C@@H]2OC(=O)CCC1CCCC1,53,False,,
DB13944,,[H][C@@]12CC[C@H](OC(=O)CCCCCC)[C@@]1(C)CC[C@@]1([H])[C@@]2([H])CCC2=CC(=O)CC[C@]12C,CCCCCCC(=O)O[C@H]1CC[C@H]2[C@@H]3CCC4=CC(=O)CC[C@]4(C)[C@H]3CC[C@]12C,55,False,,
DB13946,,CCCCCCCCCCC(=O)O[C@H]1CC[C@H]2[C@@H]3CCC4=CC(=O)CC[C@]4(C)[C@H]3CC[C@]12C,CCCCCCCCCCC(=O)O[C@H]1CC[C@H]2[C@@H]3CCC4=CC(=O)CC[C@]4(C)[C@H]3CC[C@]12C,52,False,,
DB13952,,[H][C@@]12CC[C@H](O)[C@@]1(C)CC[C@]1([H])C3=CC=C(OC(C)=O)C=C3CC[C@@]21[H],CC(=O)Oc1ccc2c(c1)CC[C@@H]1[C@@H]2CC[C@]2(C)[C@@H](O)CC[C@@H]12,56,False,,
DB13953,,[H][C@]1(O)CC[C@@]2([H])[C@]3([H])CCC4=CC(OC(=O)C5=CC=CC=C5)=CC=C4[C@@]3([H])CC[C@]12C,C[C@]12CC[C@@H]3c4ccc(OC(=O)c5ccccc5)cc4CC[C@H]3[C@@H]1CC[C@@H]2O,64,False,,
DB13954,,[H][C@@]1(CC[C@@]2([H])[C@]3([H])CCC4=CC(O)=CC=C4[C@@]3([H])CC[C@]12C)OC(=O)CCC1CCCC1,C[C@]12CC[C@@H]3c4ccc(O)cc4CC[C@H]3[C@@H]1CC[C@@H]2OC(=O)CCC1CCCC1,59,False,,
DB13955,,CCCCCCC(=O)O[C@H]1CC[C@H]2[C@@H]3CCC4=CC(OC(=O)CCCCCC)=CC=C4[C@H]3CC[C@]12C,CCCCCCC(=O)Oc1ccc2c(c1)CC[C@@H]1[C@@H]2CC[C@]2(C)[C@@H](OC(=O)CCCCCC)CC[C@@H]12,53,False,,
DB13956,,[H][C@@]12CC[C@H](OC(=O)CCCC)[C@@]1(C)CC[C@]1([H])C3=C(CC[C@@]21[H])C=C(O)C=C3,CCCCC(=O)O[C@H]1CC[C@H]2[C@@H]3CCc4cc(O)ccc4[C@H]3CC[C@]12C,59,False,,
DB13960,CHEMBL1408862,OCC(Br)(CO)[N+]([O-])=O,O=[N+]([O-])C(Br)(CO)CO,13,False,6.376750709602099,False
DB13966,,CCCCCCCCCCCCCC(=O)OC(C)C,CCCCCCCCCCCCCC(=O)OC(C)C,12,False,,
DB13969,,[Cl-].CCCCCCCCCC[N+](C)(C)CCCCCCCC,CCCCCCCCCC[N+](C)(C)CCCCCCCC.[Cl-],16,False,,
DB13970,,CCCCCCCC[N+](C)(C)CCCCCCCC,CCCCCCCC[N+](C)(C)CCCCCCCC,11,False,,
DB13972,,CSCCC(N)C(O)=O,CSCCC(N)C(=O)O,11,False,,
DB13981,,[H][C@@]12CC[C@](OC(C)=O)(C(C)=O)[C@@]1(C)CC[C@]1([H])[C@@]3([H])CCC(=O)C=C3C(C)=C[C@@]21[H],CC(=O)O[C@]1(C(C)=O)CC[C@H]2[C@@H]3C=C(C)C4=CC(=O)CC[C@@H]4[C@H]3CC[C@@]21C,66,False,,
DB13996,,[Mg++].CC([O-])=O.CC([O-])=O,CC(=O)[O-].CC(=O)[O-].[Mg+2],19,False,,
DB14002,,CC(C)CCC[C@@H](C)CCC[C@@H](C)CCC[C@]1(C)CCC2=C(C)C(OC(C)=O)=C(C)C(C)=C2O1,CC(=O)Oc1c(C)c(C)c2c(c1C)CC[C@@](C)(CCC[C@H](C)CCC[C@H](C)CCCC(C)C)O2,57,False,,
DB14006,,C[N+](C)(C)CCO.OC1=CC=CC=C1C([O-])=O,C[N+](C)(C)CCO.O=C([O-])c1ccccc1O,26,False,,
DB14015,,[Na+].OS([O-])=O,O=S([O-])O.[Na+],12,False,,
DB14018,,CN1C2=C(NC(Br)=N2)C(=O)N(C)C1=O,Cn1c(=O)c2[nH]c(Br)nc2n(C)c1=O,28,False,,
DB14028,,ClC1=CC=C2NC(=O)CN=C(C3=CC=CC=C3)C2=C1,O=C1CN=C(c2ccccc2)c2cc(Cl)ccc2N1,32,False,,
DB14033,,CC(=O)N(C1=C(C)C(C)=NO1)S(=O)(=O)C1=CC=C(N)C=C1,CC(=O)N(c1onc(C)c1C)S(=O)(=O)c1ccc(N)cc1,41,False,,
DB14061,,CCN(CC)CCNC1=C2C(=O)C3=CC=CC=C3SC2=C(CO)C=C1,CCN(CC)CCNc1ccc(CO)c2sc3ccccc3c(=O)c12,35,False,,
DB14086,,O[C@H]1CC2=C(O)C=C(O)C=C2O[C@@H]1C1=CC=C(O)C(O)=C1,Oc1cc(O)c2c(c1)O[C@H](c1ccc(O)c(O)c1)[C@@H](O)C2,48,False,,
DB14104,,CCCCC\C=C/C\C=C/CCCCCCCC(O)=O,CCCCC/C=C\C/C=C\CCCCCCCC(=O)O,19,False,,
DB14116,,O.[O--].[O--].[Mg++].[Mg++].[Al+3].[Al+3].[O-][Si]([O-])=O.[O-][Si]([O-])=O.[O-][Si]([O-])=O,O.O=[Si]([O-])[O-].O=[Si]([O-])[O-].O=[Si]([O-])[O-].[Al+3].[Al+3].[Mg+2].[Mg+2].[O-2].[O-2],69,False,,
DB14132,,CN1C2=C(NC(Cl)=N2)C(=O)N(C)C1=O,Cn1c(=O)c2[nH]c(Cl)nc2n(C)c1=O,28,False,,
DB14156,,CC1(C)C2CCC1(C)C(=O)C2,CC12CCC(CC1=O)C2(C)C,20,False,,
